Train Type,Door No.,Case,Case Offset (m),Stop Error (m),Front Ref Position (m),Base Door Start (m),Door Width (m),Actual Door Start (m),Actual Door End (m),Open Unit Start,Open Unit End,Selected Unit Center (m),Door Center (m),Move Distance (m),Direction,Effective Opening Width (m),Min Required Width (m),Valid?,Command
GTX-A,1,8,0,-0.35,-0.35,2.987,1.3,2.637,3.937,2,2,2.1,3.287,0.175,RIGHT,1.3,1.3,OK,
GTX-A,1,8,0,-0.35,-0.35,2.987,1.3,2.637,3.937,3,3,3.5,3.287,1.225,LEFT,1.3,1.3,OK,
GTX-A,1,8,0,-0.3,-0.3,2.987,1.3,2.687,3.987,2,2,2.1,3.337,0.175,RIGHT,1.3,1.3,OK,
GTX-A,1,8,0,-0.3,-0.3,2.987,1.3,2.687,3.987,3,3,3.5,3.337,1.225,LEFT,1.3,1.3,OK,
GTX-A,1,8,0,-0.25,-0.25,2.987,1.3,2.737,4.037,2,2,2.1,3.387,0.175,RIGHT,1.3,1.3,OK,
GTX-A,1,8,0,-0.25,-0.25,2.987,1.3,2.737,4.037,3,3,3.5,3.387,1.4,LEFT,1.3,1.3,OK,
GTX-A,1,8,0,-0.2,-0.2,2.987,1.3,2.787,4.087,2,2,2.1,3.437,0.175,RIGHT,1.3,1.3,OK,
GTX-A,1,8,0,-0.2,-0.2,2.987,1.3,2.787,4.087,3,3,3.5,3.437,1.4,LEFT,1.3,1.3,OK,
GTX-A,1,8,0,-0.15,-0.15,2.987,1.3,2.837,4.137,3,3,3.5,3.487,1.4,LEFT,1.3,1.3,OK,
GTX-A,1,8,0,-0.1,-0.1,2.987,1.3,2.887,4.187,3,3,3.5,3.537,1.4,RIGHT,1.3,1.3,OK,
GTX-A,1,8,0,-0.05,-0.05,2.987,1.3,2.937,4.237,3,3,3.5,3.587,1.4,RIGHT,1.3,1.3,OK,
GTX-A,1,8,0,-0.05,-0.05,2.987,1.3,2.937,4.237,4,4,4.9,3.587,0.175,LEFT,1.3,1.3,OK,
GTX-A,1,8,0,0,0,2.987,1.3,2.987,4.287,3,3,3.5,3.637,1.225,RIGHT,1.3,1.3,OK,
GTX-A,1,8,0,0,0,2.987,1.3,2.987,4.287,4,4,4.9,3.637,0.175,LEFT,1.3,1.3,OK,
GTX-A,1,8,0,0.05,0.05,2.987,1.3,3.037,4.337,3,3,3.5,3.687,1.225,RIGHT,1.3,1.3,OK,
GTX-A,1,8,0,0.05,0.05,2.987,1.3,3.037,4.337,4,4,4.9,3.687,0.175,LEFT,1.3,1.3,OK,
GTX-A,1,8,0,0.1,0.1,2.987,1.3,3.087,4.387,3,3,3.5,3.737,1.225,RIGHT,1.3,1.3,OK,
GTX-A,1,8,0,0.1,0.1,2.987,1.3,3.087,4.387,4,4,4.9,3.737,0.35,LEFT,1.3,1.3,OK,
GTX-A,1,8,0,0.15,0.15,2.987,1.3,3.137,4.437,3,3,3.5,3.787,1.225,RIGHT,1.3,1.3,OK,
GTX-A,1,8,0,0.15,0.15,2.987,1.3,3.137,4.437,4,4,4.9,3.787,0.35,LEFT,1.3,1.3,OK,
GTX-A,1,8,0,0.2,0.2,2.987,1.3,3.187,4.487,3,3,3.5,3.837,1.05,RIGHT,1.3,1.3,OK,
GTX-A,1,8,0,0.2,0.2,2.987,1.3,3.187,4.487,4,4,4.9,3.837,0.35,LEFT,1.3,1.3,OK,
GTX-A,1,8,0,0.25,0.25,2.987,1.3,3.237,4.537,3,3,3.5,3.887,1.05,RIGHT,1.3,1.3,OK,
GTX-A,1,8,0,0.25,0.25,2.987,1.3,3.237,4.537,4,4,4.9,3.887,0.35,LEFT,1.3,1.3,OK,
GTX-A,1,8,0,0.3,0.3,2.987,1.3,3.287,4.587,3,3,3.5,3.937,1.05,RIGHT,1.3,1.3,OK,
GTX-A,1,8,0,0.3,0.3,2.987,1.3,3.287,4.587,4,4,4.9,3.937,0.525,LEFT,1.3,1.3,OK,
GTX-A,1,8,0,0.35,0.35,2.987,1.3,3.337,4.637,3,3,3.5,3.987,0.875,RIGHT,1.3,1.3,OK,
GTX-A,1,8,0,0.35,0.35,2.987,1.3,3.337,4.637,4,4,4.9,3.987,0.525,LEFT,1.3,1.3,OK,
GTX-A,1,7,0.175,-0.35,-0.175,2.987,1.3,2.812,4.112,3,3,3.5,3.462,1.4,LEFT,1.3,1.3,OK,
GTX-A,1,7,0.175,-0.3,-0.125,2.987,1.3,2.862,4.162,3,3,3.5,3.512,1.4,RIGHT,1.3,1.3,OK,
GTX-A,1,7,0.175,-0.25,-0.075,2.987,1.3,2.912,4.212,3,3,3.5,3.562,1.4,RIGHT,1.3,1.3,OK,
GTX-A,1,7,0.175,-0.25,-0.075,2.987,1.3,2.912,4.212,4,4,4.9,3.562,0.175,LEFT,1.3,1.3,OK,
GTX-A,1,7,0.175,-0.2,-0.025,2.987,1.3,2.962,4.262,3,3,3.5,3.612,1.4,RIGHT,1.3,1.3,OK,
GTX-A,1,7,0.175,-0.2,-0.025,2.987,1.3,2.962,4.262,4,4,4.9,3.612,0.175,LEFT,1.3,1.3,OK,
GTX-A,1,7,0.175,-0.15,0.025,2.987,1.3,3.012,4.312,3,3,3.5,3.662,1.225,RIGHT,1.3,1.3,OK,
GTX-A,1,7,0.175,-0.15,0.025,2.987,1.3,3.012,4.312,4,4,4.9,3.662,0.175,LEFT,1.3,1.3,OK,
GTX-A,1,7,0.175,-0.1,0.075,2.987,1.3,3.062,4.362,3,3,3.5,3.712,1.225,RIGHT,1.3,1.3,OK,
GTX-A,1,7,0.175,-0.1,0.075,2.987,1.3,3.062,4.362,4,4,4.9,3.712,0.175,LEFT,1.3,1.3,OK,
GTX-A,1,7,0.175,-0.05,0.125,2.987,1.3,3.112,4.412,3,3,3.5,3.762,1.225,RIGHT,1.3,1.3,OK,
GTX-A,1,7,0.175,-0.05,0.125,2.987,1.3,3.112,4.412,4,4,4.9,3.762,0.35,LEFT,1.3,1.3,OK,
GTX-A,1,7,0.175,0,0.175,2.987,1.3,3.162,4.462,3,3,3.5,3.812,1.05,RIGHT,1.3,1.3,OK,
GTX-A,1,7,0.175,0,0.175,2.987,1.3,3.162,4.462,4,4,4.9,3.812,0.35,LEFT,1.3,1.3,OK,
GTX-A,1,7,0.175,0.05,0.225,2.987,1.3,3.212,4.512,3,3,3.5,3.862,1.05,RIGHT,1.3,1.3,OK,
GTX-A,1,7,0.175,0.05,0.225,2.987,1.3,3.212,4.512,4,4,4.9,3.862,0.35,LEFT,1.3,1.3,OK,
GTX-A,1,7,0.175,0.1,0.275,2.987,1.3,3.262,4.562,3,3,3.5,3.912,1.05,RIGHT,1.3,1.3,OK,
GTX-A,1,7,0.175,0.1,0.275,2.987,1.3,3.262,4.562,4,4,4.9,3.912,0.525,LEFT,1.3,1.3,OK,
GTX-A,1,7,0.175,0.15,0.325,2.987,1.3,3.312,4.612,3,3,3.5,3.962,1.05,RIGHT,1.3,1.3,OK,
GTX-A,1,7,0.175,0.15,0.325,2.987,1.3,3.312,4.612,4,4,4.9,3.962,0.525,LEFT,1.3,1.3,OK,
GTX-A,1,7,0.175,0.2,0.375,2.987,1.3,3.362,4.662,3,3,3.5,4.012,0.875,RIGHT,1.3,1.3,OK,
GTX-A,1,7,0.175,0.2,0.375,2.987,1.3,3.362,4.662,4,4,4.9,4.012,0.525,LEFT,1.3,1.3,OK,
GTX-A,1,7,0.175,0.25,0.425,2.987,1.3,3.412,4.712,3,3,3.5,4.062,0.875,RIGHT,1.3,1.3,OK,
GTX-A,1,7,0.175,0.25,0.425,2.987,1.3,3.412,4.712,4,4,4.9,4.062,0.525,LEFT,1.3,1.3,OK,
GTX-A,1,7,0.175,0.3,0.475,2.987,1.3,3.462,4.762,3,3,3.5,4.112,0.875,RIGHT,1.3,1.3,OK,
GTX-A,1,7,0.175,0.3,0.475,2.987,1.3,3.462,4.762,4,4,4.9,4.112,0.7,LEFT,1.3,1.3,OK,
GTX-A,1,7,0.175,0.35,0.525,2.987,1.3,3.512,4.812,3,3,3.5,4.162,0.7,RIGHT,1.3,1.3,OK,
GTX-A,1,7,0.175,0.35,0.525,2.987,1.3,3.512,4.812,4,4,4.9,4.162,0.7,LEFT,1.3,1.3,OK,
GTX-A,1,6,0.35,-0.35,0,2.987,1.3,2.987,4.287,3,3,3.5,3.637,1.225,RIGHT,1.3,1.3,OK,
GTX-A,1,6,0.35,-0.35,0,2.987,1.3,2.987,4.287,4,4,4.9,3.637,0.175,LEFT,1.3,1.3,OK,
GTX-A,1,6,0.35,-0.3,0.05,2.987,1.3,3.037,4.337,3,3,3.5,3.687,1.225,RIGHT,1.3,1.3,OK,
GTX-A,1,6,0.35,-0.3,0.05,2.987,1.3,3.037,4.337,4,4,4.9,3.687,0.175,LEFT,1.3,1.3,OK,
GTX-A,1,6,0.35,-0.25,0.1,2.987,1.3,3.087,4.387,3,3,3.5,3.737,1.225,RIGHT,1.3,1.3,OK,
GTX-A,1,6,0.35,-0.25,0.1,2.987,1.3,3.087,4.387,4,4,4.9,3.737,0.35,LEFT,1.3,1.3,OK,
GTX-A,1,6,0.35,-0.2,0.15,2.987,1.3,3.137,4.437,3,3,3.5,3.787,1.225,RIGHT,1.3,1.3,OK,
GTX-A,1,6,0.35,-0.2,0.15,2.987,1.3,3.137,4.437,4,4,4.9,3.787,0.35,LEFT,1.3,1.3,OK,
GTX-A,1,6,0.35,-0.15,0.2,2.987,1.3,3.187,4.487,3,3,3.5,3.837,1.05,RIGHT,1.3,1.3,OK,
GTX-A,1,6,0.35,-0.15,0.2,2.987,1.3,3.187,4.487,4,4,4.9,3.837,0.35,LEFT,1.3,1.3,OK,
GTX-A,1,6,0.35,-0.1,0.25,2.987,1.3,3.237,4.537,3,3,3.5,3.887,1.05,RIGHT,1.3,1.3,OK,
GTX-A,1,6,0.35,-0.1,0.25,2.987,1.3,3.237,4.537,4,4,4.9,3.887,0.35,LEFT,1.3,1.3,OK,
GTX-A,1,6,0.35,-0.05,0.3,2.987,1.3,3.287,4.587,3,3,3.5,3.937,1.05,RIGHT,1.3,1.3,OK,
GTX-A,1,6,0.35,-0.05,0.3,2.987,1.3,3.287,4.587,4,4,4.9,3.937,0.525,LEFT,1.3,1.3,OK,
GTX-A,1,6,0.35,0,0.35,2.987,1.3,3.337,4.637,3,3,3.5,3.987,0.875,RIGHT,1.3,1.3,OK,
GTX-A,1,6,0.35,0,0.35,2.987,1.3,3.337,4.637,4,4,4.9,3.987,0.525,LEFT,1.3,1.3,OK,
GTX-A,1,6,0.35,0.05,0.4,2.987,1.3,3.387,4.687,3,3,3.5,4.037,0.875,RIGHT,1.3,1.3,OK,
GTX-A,1,6,0.35,0.05,0.4,2.987,1.3,3.387,4.687,4,4,4.9,4.037,0.525,LEFT,1.3,1.3,OK,
GTX-A,1,6,0.35,0.1,0.45,2.987,1.3,3.437,4.737,3,3,3.5,4.087,0.875,RIGHT,1.3,1.3,OK,
GTX-A,1,6,0.35,0.1,0.45,2.987,1.3,3.437,4.737,4,4,4.9,4.087,0.7,LEFT,1.3,1.3,OK,
GTX-A,1,6,0.35,0.15,0.5,2.987,1.3,3.487,4.787,3,3,3.5,4.137,0.875,RIGHT,1.3,1.3,OK,
GTX-A,1,6,0.35,0.15,0.5,2.987,1.3,3.487,4.787,4,4,4.9,4.137,0.7,LEFT,1.3,1.3,OK,
GTX-A,1,6,0.35,0.2,0.55,2.987,1.3,3.537,4.837,3,3,3.5,4.187,0.7,RIGHT,1.3,1.3,OK,
GTX-A,1,6,0.35,0.2,0.55,2.987,1.3,3.537,4.837,4,4,4.9,4.187,0.7,LEFT,1.3,1.3,OK,
GTX-A,1,6,0.35,0.25,0.6,2.987,1.3,3.587,4.887,3,3,3.5,4.237,0.7,RIGHT,1.3,1.3,OK,
GTX-A,1,6,0.35,0.25,0.6,2.987,1.3,3.587,4.887,4,4,4.9,4.237,0.7,LEFT,1.3,1.3,OK,
GTX-A,1,6,0.35,0.3,0.65,2.987,1.3,3.637,4.937,3,3,3.5,4.287,0.7,RIGHT,1.3,1.3,OK,
GTX-A,1,6,0.35,0.3,0.65,2.987,1.3,3.637,4.937,4,4,4.9,4.287,0.875,LEFT,1.3,1.3,OK,
GTX-A,1,6,0.35,0.35,0.7,2.987,1.3,3.687,4.987,3,3,3.5,4.337,0.525,RIGHT,1.3,1.3,OK,
GTX-A,1,6,0.35,0.35,0.7,2.987,1.3,3.687,4.987,4,4,4.9,4.337,0.875,LEFT,1.3,1.3,OK,
GTX-A,1,5,0.525,-0.35,0.175,2.987,1.3,3.162,4.462,3,3,3.5,3.812,1.05,RIGHT,1.3,1.3,OK,
GTX-A,1,5,0.525,-0.35,0.175,2.987,1.3,3.162,4.462,4,4,4.9,3.812,0.35,LEFT,1.3,1.3,OK,
GTX-A,1,5,0.525,-0.3,0.225,2.987,1.3,3.212,4.512,3,3,3.5,3.862,1.05,RIGHT,1.3,1.3,OK,
GTX-A,1,5,0.525,-0.3,0.225,2.987,1.3,3.212,4.512,4,4,4.9,3.862,0.35,LEFT,1.3,1.3,OK,
GTX-A,1,5,0.525,-0.25,0.275,2.987,1.3,3.262,4.562,3,3,3.5,3.912,1.05,RIGHT,1.3,1.3,OK,
GTX-A,1,5,0.525,-0.25,0.275,2.987,1.3,3.262,4.562,4,4,4.9,3.912,0.525,LEFT,1.3,1.3,OK,
GTX-A,1,5,0.525,-0.2,0.325,2.987,1.3,3.312,4.612,3,3,3.5,3.962,1.05,RIGHT,1.3,1.3,OK,
GTX-A,1,5,0.525,-0.2,0.325,2.987,1.3,3.312,4.612,4,4,4.9,3.962,0.525,LEFT,1.3,1.3,OK,
GTX-A,1,5,0.525,-0.15,0.375,2.987,1.3,3.362,4.662,3,3,3.5,4.012,0.875,RIGHT,1.3,1.3,OK,
GTX-A,1,5,0.525,-0.15,0.375,2.987,1.3,3.362,4.662,4,4,4.9,4.012,0.525,LEFT,1.3,1.3,OK,
GTX-A,1,5,0.525,-0.1,0.425,2.987,1.3,3.412,4.712,3,3,3.5,4.062,0.875,RIGHT,1.3,1.3,OK,
GTX-A,1,5,0.525,-0.1,0.425,2.987,1.3,3.412,4.712,4,4,4.9,4.062,0.525,LEFT,1.3,1.3,OK,
GTX-A,1,5,0.525,-0.05,0.475,2.987,1.3,3.462,4.762,3,3,3.5,4.112,0.875,RIGHT,1.3,1.3,OK,
GTX-A,1,5,0.525,-0.05,0.475,2.987,1.3,3.462,4.762,4,4,4.9,4.112,0.7,LEFT,1.3,1.3,OK,
GTX-A,1,5,0.525,0,0.525,2.987,1.3,3.512,4.812,3,3,3.5,4.162,0.7,RIGHT,1.3,1.3,OK,
GTX-A,1,5,0.525,0,0.525,2.987,1.3,3.512,4.812,4,4,4.9,4.162,0.7,LEFT,1.3,1.3,OK,
GTX-A,1,5,0.525,0.05,0.575,2.987,1.3,3.562,4.862,3,3,3.5,4.212,0.7,RIGHT,1.3,1.3,OK,
GTX-A,1,5,0.525,0.05,0.575,2.987,1.3,3.562,4.862,4,4,4.9,4.212,0.7,LEFT,1.3,1.3,OK,
GTX-A,1,5,0.525,0.1,0.625,2.987,1.3,3.612,4.912,3,3,3.5,4.262,0.7,RIGHT,1.3,1.3,OK,
GTX-A,1,5,0.525,0.1,0.625,2.987,1.3,3.612,4.912,4,4,4.9,4.262,0.875,LEFT,1.3,1.3,OK,
GTX-A,1,5,0.525,0.15,0.675,2.987,1.3,3.662,4.962,3,3,3.5,4.312,0.7,RIGHT,1.3,1.3,OK,
GTX-A,1,5,0.525,0.15,0.675,2.987,1.3,3.662,4.962,4,4,4.9,4.312,0.875,LEFT,1.3,1.3,OK,
GTX-A,1,5,0.525,0.2,0.725,2.987,1.3,3.712,5.012,3,3,3.5,4.362,0.525,RIGHT,1.3,1.3,OK,
GTX-A,1,5,0.525,0.2,0.725,2.987,1.3,3.712,5.012,4,4,4.9,4.362,0.875,LEFT,1.3,1.3,OK,
GTX-A,1,5,0.525,0.25,0.775,2.987,1.3,3.762,5.062,3,3,3.5,4.412,0.525,RIGHT,1.3,1.3,OK,
GTX-A,1,5,0.525,0.25,0.775,2.987,1.3,3.762,5.062,4,4,4.9,4.412,0.875,LEFT,1.3,1.3,OK,
GTX-A,1,5,0.525,0.3,0.825,2.987,1.3,3.812,5.112,3,3,3.5,4.462,0.525,RIGHT,1.3,1.3,OK,
GTX-A,1,5,0.525,0.3,0.825,2.987,1.3,3.812,5.112,4,4,4.9,4.462,1.05,LEFT,1.3,1.3,OK,
GTX-A,1,5,0.525,0.35,0.875,2.987,1.3,3.862,5.162,3,3,3.5,4.512,0.35,RIGHT,1.3,1.3,OK,
GTX-A,1,5,0.525,0.35,0.875,2.987,1.3,3.862,5.162,4,4,4.9,4.512,1.05,LEFT,1.3,1.3,OK,
GTX-A,1,4,0.7,-0.35,0.35,2.987,1.3,3.337,4.637,3,3,3.5,3.987,0.875,RIGHT,1.3,1.3,OK,
GTX-A,1,4,0.7,-0.35,0.35,2.987,1.3,3.337,4.637,4,4,4.9,3.987,0.525,LEFT,1.3,1.3,OK,
GTX-A,1,4,0.7,-0.3,0.4,2.987,1.3,3.387,4.687,3,3,3.5,4.037,0.875,RIGHT,1.3,1.3,OK,
GTX-A,1,4,0.7,-0.3,0.4,2.987,1.3,3.387,4.687,4,4,4.9,4.037,0.525,LEFT,1.3,1.3,OK,
GTX-A,1,4,0.7,-0.25,0.45,2.987,1.3,3.437,4.737,3,3,3.5,4.087,0.875,RIGHT,1.3,1.3,OK,
GTX-A,1,4,0.7,-0.25,0.45,2.987,1.3,3.437,4.737,4,4,4.9,4.087,0.7,LEFT,1.3,1.3,OK,
GTX-A,1,4,0.7,-0.2,0.5,2.987,1.3,3.487,4.787,3,3,3.5,4.137,0.875,RIGHT,1.3,1.3,OK,
GTX-A,1,4,0.7,-0.2,0.5,2.987,1.3,3.487,4.787,4,4,4.9,4.137,0.7,LEFT,1.3,1.3,OK,
GTX-A,1,4,0.7,-0.15,0.55,2.987,1.3,3.537,4.837,3,3,3.5,4.187,0.7,RIGHT,1.3,1.3,OK,
GTX-A,1,4,0.7,-0.15,0.55,2.987,1.3,3.537,4.837,4,4,4.9,4.187,0.7,LEFT,1.3,1.3,OK,
GTX-A,1,4,0.7,-0.1,0.6,2.987,1.3,3.587,4.887,3,3,3.5,4.237,0.7,RIGHT,1.3,1.3,OK,
GTX-A,1,4,0.7,-0.1,0.6,2.987,1.3,3.587,4.887,4,4,4.9,4.237,0.7,LEFT,1.3,1.3,OK,
GTX-A,1,4,0.7,-0.05,0.65,2.987,1.3,3.637,4.937,3,3,3.5,4.287,0.7,RIGHT,1.3,1.3,OK,
GTX-A,1,4,0.7,-0.05,0.65,2.987,1.3,3.637,4.937,4,4,4.9,4.287,0.875,LEFT,1.3,1.3,OK,
GTX-A,1,4,0.7,0,0.7,2.987,1.3,3.687,4.987,3,3,3.5,4.337,0.525,RIGHT,1.3,1.3,OK,
GTX-A,1,4,0.7,0,0.7,2.987,1.3,3.687,4.987,4,4,4.9,4.337,0.875,LEFT,1.3,1.3,OK,
GTX-A,1,4,0.7,0.05,0.75,2.987,1.3,3.737,5.037,3,3,3.5,4.387,0.525,RIGHT,1.3,1.3,OK,
GTX-A,1,4,0.7,0.05,0.75,2.987,1.3,3.737,5.037,4,4,4.9,4.387,0.875,LEFT,1.3,1.3,OK,
GTX-A,1,4,0.7,0.1,0.8,2.987,1.3,3.787,5.087,3,3,3.5,4.437,0.525,RIGHT,1.3,1.3,OK,
GTX-A,1,4,0.7,0.1,0.8,2.987,1.3,3.787,5.087,4,4,4.9,4.437,1.05,LEFT,1.3,1.3,OK,
GTX-A,1,4,0.7,0.15,0.85,2.987,1.3,3.837,5.137,3,3,3.5,4.487,0.525,RIGHT,1.3,1.3,OK,
GTX-A,1,4,0.7,0.15,0.85,2.987,1.3,3.837,5.137,4,4,4.9,4.487,1.05,LEFT,1.3,1.3,OK,
GTX-A,1,4,0.7,0.2,0.9,2.987,1.3,3.887,5.187,3,3,3.5,4.537,0.35,RIGHT,1.3,1.3,OK,
GTX-A,1,4,0.7,0.2,0.9,2.987,1.3,3.887,5.187,4,4,4.9,4.537,1.05,LEFT,1.3,1.3,OK,
GTX-A,1,4,0.7,0.25,0.95,2.987,1.3,3.937,5.237,3,3,3.5,4.587,0.35,RIGHT,1.3,1.3,OK,
GTX-A,1,4,0.7,0.25,0.95,2.987,1.3,3.937,5.237,4,4,4.9,4.587,1.05,LEFT,1.3,1.3,OK,
GTX-A,1,4,0.7,0.3,1,2.987,1.3,3.987,5.287,3,3,3.5,4.637,0.35,RIGHT,1.3,1.3,OK,
GTX-A,1,4,0.7,0.3,1,2.987,1.3,3.987,5.287,4,4,4.9,4.637,1.225,LEFT,1.3,1.3,OK,
GTX-A,1,4,0.7,0.35,1.05,2.987,1.3,4.037,5.337,3,3,3.5,4.687,0.175,RIGHT,1.3,1.3,OK,
GTX-A,1,4,0.7,0.35,1.05,2.987,1.3,4.037,5.337,4,4,4.9,4.687,1.225,LEFT,1.3,1.3,OK,
GTX-A,1,3,0.875,-0.35,0.525,2.987,1.3,3.512,4.812,3,3,3.5,4.162,0.7,RIGHT,1.3,1.3,OK,
GTX-A,1,3,0.875,-0.35,0.525,2.987,1.3,3.512,4.812,4,4,4.9,4.162,0.7,LEFT,1.3,1.3,OK,
GTX-A,1,3,0.875,-0.3,0.575,2.987,1.3,3.562,4.862,3,3,3.5,4.212,0.7,RIGHT,1.3,1.3,OK,
GTX-A,1,3,0.875,-0.3,0.575,2.987,1.3,3.562,4.862,4,4,4.9,4.212,0.7,LEFT,1.3,1.3,OK,
GTX-A,1,3,0.875,-0.25,0.625,2.987,1.3,3.612,4.912,3,3,3.5,4.262,0.7,RIGHT,1.3,1.3,OK,
GTX-A,1,3,0.875,-0.25,0.625,2.987,1.3,3.612,4.912,4,4,4.9,4.262,0.875,LEFT,1.3,1.3,OK,
GTX-A,1,3,0.875,-0.2,0.675,2.987,1.3,3.662,4.962,3,3,3.5,4.312,0.7,RIGHT,1.3,1.3,OK,
GTX-A,1,3,0.875,-0.2,0.675,2.987,1.3,3.662,4.962,4,4,4.9,4.312,0.875,LEFT,1.3,1.3,OK,
GTX-A,1,3,0.875,-0.15,0.725,2.987,1.3,3.712,5.012,3,3,3.5,4.362,0.525,RIGHT,1.3,1.3,OK,
GTX-A,1,3,0.875,-0.15,0.725,2.987,1.3,3.712,5.012,4,4,4.9,4.362,0.875,LEFT,1.3,1.3,OK,
GTX-A,1,3,0.875,-0.1,0.775,2.987,1.3,3.762,5.062,3,3,3.5,4.412,0.525,RIGHT,1.3,1.3,OK,
GTX-A,1,3,0.875,-0.1,0.775,2.987,1.3,3.762,5.062,4,4,4.9,4.412,0.875,LEFT,1.3,1.3,OK,
GTX-A,1,3,0.875,-0.05,0.825,2.987,1.3,3.812,5.112,3,3,3.5,4.462,0.525,RIGHT,1.3,1.3,OK,
GTX-A,1,3,0.875,-0.05,0.825,2.987,1.3,3.812,5.112,4,4,4.9,4.462,1.05,LEFT,1.3,1.3,OK,
GTX-A,1,3,0.875,0,0.875,2.987,1.3,3.862,5.162,3,3,3.5,4.512,0.35,RIGHT,1.3,1.3,OK,
GTX-A,1,3,0.875,0,0.875,2.987,1.3,3.862,5.162,4,4,4.9,4.512,1.05,LEFT,1.3,1.3,OK,
GTX-A,1,3,0.875,0.05,0.925,2.987,1.3,3.912,5.212,3,3,3.5,4.562,0.35,RIGHT,1.3,1.3,OK,
GTX-A,1,3,0.875,0.05,0.925,2.987,1.3,3.912,5.212,4,4,4.9,4.562,1.05,LEFT,1.3,1.3,OK,
GTX-A,1,3,0.875,0.1,0.975,2.987,1.3,3.962,5.262,3,3,3.5,4.612,0.35,RIGHT,1.3,1.3,OK,
GTX-A,1,3,0.875,0.1,0.975,2.987,1.3,3.962,5.262,4,4,4.9,4.612,1.225,LEFT,1.3,1.3,OK,
GTX-A,1,3,0.875,0.15,1.025,2.987,1.3,4.012,5.312,3,3,3.5,4.662,0.35,RIGHT,1.3,1.3,OK,
GTX-A,1,3,0.875,0.15,1.025,2.987,1.3,4.012,5.312,4,4,4.9,4.662,1.225,LEFT,1.3,1.3,OK,
GTX-A,1,3,0.875,0.2,1.075,2.987,1.3,4.062,5.362,3,3,3.5,4.712,0.175,RIGHT,1.3,1.3,OK,
GTX-A,1,3,0.875,0.2,1.075,2.987,1.3,4.062,5.362,4,4,4.9,4.712,1.225,LEFT,1.3,1.3,OK,
GTX-A,1,3,0.875,0.25,1.125,2.987,1.3,4.112,5.412,3,3,3.5,4.762,0.175,RIGHT,1.3,1.3,OK,
GTX-A,1,3,0.875,0.25,1.125,2.987,1.3,4.112,5.412,4,4,4.9,4.762,1.225,LEFT,1.3,1.3,OK,
GTX-A,1,3,0.875,0.3,1.175,2.987,1.3,4.162,5.462,3,3,3.5,4.812,0.175,RIGHT,1.3,1.3,OK,
GTX-A,1,3,0.875,0.3,1.175,2.987,1.3,4.162,5.462,4,4,4.9,4.812,1.4,LEFT,1.3,1.3,OK,
GTX-A,1,3,0.875,0.35,1.225,2.987,1.3,4.212,5.512,4,4,4.9,4.862,1.4,LEFT,1.3,1.3,OK,
GTX-A,1,2,1.05,-0.35,0.7,2.987,1.3,3.687,4.987,3,3,3.5,4.337,0.525,RIGHT,1.3,1.3,OK,
GTX-A,1,2,1.05,-0.35,0.7,2.987,1.3,3.687,4.987,4,4,4.9,4.337,0.875,LEFT,1.3,1.3,OK,
GTX-A,1,2,1.05,-0.3,0.75,2.987,1.3,3.737,5.037,3,3,3.5,4.387,0.525,RIGHT,1.3,1.3,OK,
GTX-A,1,2,1.05,-0.3,0.75,2.987,1.3,3.737,5.037,4,4,4.9,4.387,0.875,LEFT,1.3,1.3,OK,
GTX-A,1,2,1.05,-0.25,0.8,2.987,1.3,3.787,5.087,3,3,3.5,4.437,0.525,RIGHT,1.3,1.3,OK,
GTX-A,1,2,1.05,-0.25,0.8,2.987,1.3,3.787,5.087,4,4,4.9,4.437,1.05,LEFT,1.3,1.3,OK,
GTX-A,1,2,1.05,-0.2,0.85,2.987,1.3,3.837,5.137,3,3,3.5,4.487,0.525,RIGHT,1.3,1.3,OK,
GTX-A,1,2,1.05,-0.2,0.85,2.987,1.3,3.837,5.137,4,4,4.9,4.487,1.05,LEFT,1.3,1.3,OK,
GTX-A,1,2,1.05,-0.15,0.9,2.987,1.3,3.887,5.187,3,3,3.5,4.537,0.35,RIGHT,1.3,1.3,OK,
GTX-A,1,2,1.05,-0.15,0.9,2.987,1.3,3.887,5.187,4,4,4.9,4.537,1.05,LEFT,1.3,1.3,OK,
GTX-A,1,2,1.05,-0.1,0.95,2.987,1.3,3.937,5.237,3,3,3.5,4.587,0.35,RIGHT,1.3,1.3,OK,
GTX-A,1,2,1.05,-0.1,0.95,2.987,1.3,3.937,5.237,4,4,4.9,4.587,1.05,LEFT,1.3,1.3,OK,
GTX-A,1,2,1.05,-0.05,1,2.987,1.3,3.987,5.287,3,3,3.5,4.637,0.35,RIGHT,1.3,1.3,OK,
GTX-A,1,2,1.05,-0.05,1,2.987,1.3,3.987,5.287,4,4,4.9,4.637,1.225,LEFT,1.3,1.3,OK,
GTX-A,1,2,1.05,0,1.05,2.987,1.3,4.037,5.337,3,3,3.5,4.687,0.175,RIGHT,1.3,1.3,OK,
GTX-A,1,2,1.05,0,1.05,2.987,1.3,4.037,5.337,4,4,4.9,4.687,1.225,LEFT,1.3,1.3,OK,
GTX-A,1,2,1.05,0.05,1.1,2.987,1.3,4.087,5.387,3,3,3.5,4.737,0.175,RIGHT,1.3,1.3,OK,
GTX-A,1,2,1.05,0.05,1.1,2.987,1.3,4.087,5.387,4,4,4.9,4.737,1.225,LEFT,1.3,1.3,OK,
GTX-A,1,2,1.05,0.1,1.15,2.987,1.3,4.137,5.437,3,3,3.5,4.787,0.175,RIGHT,1.3,1.3,OK,
GTX-A,1,2,1.05,0.1,1.15,2.987,1.3,4.137,5.437,4,4,4.9,4.787,1.4,LEFT,1.3,1.3,OK,
GTX-A,1,2,1.05,0.15,1.2,2.987,1.3,4.187,5.487,3,3,3.5,4.837,0.175,RIGHT,1.3,1.3,OK,
GTX-A,1,2,1.05,0.15,1.2,2.987,1.3,4.187,5.487,4,4,4.9,4.837,1.4,LEFT,1.3,1.3,OK,
GTX-A,1,2,1.05,0.2,1.25,2.987,1.3,4.237,5.537,4,4,4.9,4.887,1.4,LEFT,1.3,1.3,OK,
GTX-A,1,2,1.05,0.25,1.3,2.987,1.3,4.287,5.587,4,4,4.9,4.937,1.4,RIGHT,1.3,1.3,OK,
GTX-A,1,2,1.05,0.3,1.35,2.987,1.3,4.337,5.637,4,4,4.9,4.987,1.4,RIGHT,1.3,1.3,OK,
GTX-A,1,2,1.05,0.3,1.35,2.987,1.3,4.337,5.637,5,5,6.3,4.987,0.175,LEFT,1.3,1.3,OK,
GTX-A,1,2,1.05,0.35,1.4,2.987,1.3,4.387,5.687,4,4,4.9,5.037,1.225,RIGHT,1.3,1.3,OK,
GTX-A,1,2,1.05,0.35,1.4,2.987,1.3,4.387,5.687,5,5,6.3,5.037,0.175,LEFT,1.3,1.3,OK,
GTX-A,1,1,1.225,-0.35,0.875,2.987,1.3,3.862,5.162,3,3,3.5,4.512,0.35,RIGHT,1.3,1.3,OK,
GTX-A,1,1,1.225,-0.35,0.875,2.987,1.3,3.862,5.162,4,4,4.9,4.512,1.05,LEFT,1.3,1.3,OK,
GTX-A,1,1,1.225,-0.3,0.925,2.987,1.3,3.912,5.212,3,3,3.5,4.562,0.35,RIGHT,1.3,1.3,OK,
GTX-A,1,1,1.225,-0.3,0.925,2.987,1.3,3.912,5.212,4,4,4.9,4.562,1.05,LEFT,1.3,1.3,OK,
GTX-A,1,1,1.225,-0.25,0.975,2.987,1.3,3.962,5.262,3,3,3.5,4.612,0.35,RIGHT,1.3,1.3,OK,
GTX-A,1,1,1.225,-0.25,0.975,2.987,1.3,3.962,5.262,4,4,4.9,4.612,1.225,LEFT,1.3,1.3,OK,
GTX-A,1,1,1.225,-0.2,1.025,2.987,1.3,4.012,5.312,3,3,3.5,4.662,0.35,RIGHT,1.3,1.3,OK,
GTX-A,1,1,1.225,-0.2,1.025,2.987,1.3,4.012,5.312,4,4,4.9,4.662,1.225,LEFT,1.3,1.3,OK,
GTX-A,1,1,1.225,-0.15,1.075,2.987,1.3,4.062,5.362,3,3,3.5,4.712,0.175,RIGHT,1.3,1.3,OK,
GTX-A,1,1,1.225,-0.15,1.075,2.987,1.3,4.062,5.362,4,4,4.9,4.712,1.225,LEFT,1.3,1.3,OK,
GTX-A,1,1,1.225,-0.1,1.125,2.987,1.3,4.112,5.412,3,3,3.5,4.762,0.175,RIGHT,1.3,1.3,OK,
GTX-A,1,1,1.225,-0.1,1.125,2.987,1.3,4.112,5.412,4,4,4.9,4.762,1.225,LEFT,1.3,1.3,OK,
GTX-A,1,1,1.225,-0.05,1.175,2.987,1.3,4.162,5.462,3,3,3.5,4.812,0.175,RIGHT,1.3,1.3,OK,
GTX-A,1,1,1.225,-0.05,1.175,2.987,1.3,4.162,5.462,4,4,4.9,4.812,1.4,LEFT,1.3,1.3,OK,
GTX-A,1,1,1.225,0,1.225,2.987,1.3,4.212,5.512,4,4,4.9,4.862,1.4,LEFT,1.3,1.3,OK,
GTX-A,1,1,1.225,0.05,1.275,2.987,1.3,4.262,5.562,4,4,4.9,4.912,1.4,RIGHT,1.3,1.3,OK,
GTX-A,1,1,1.225,0.1,1.325,2.987,1.3,4.312,5.612,4,4,4.9,4.962,1.4,RIGHT,1.3,1.3,OK,
GTX-A,1,1,1.225,0.1,1.325,2.987,1.3,4.312,5.612,5,5,6.3,4.962,0.175,LEFT,1.3,1.3,OK,
GTX-A,1,1,1.225,0.15,1.375,2.987,1.3,4.362,5.662,4,4,4.9,5.012,1.4,RIGHT,1.3,1.3,OK,
GTX-A,1,1,1.225,0.15,1.375,2.987,1.3,4.362,5.662,5,5,6.3,5.012,0.175,LEFT,1.3,1.3,OK,
GTX-A,1,1,1.225,0.2,1.425,2.987,1.3,4.412,5.712,4,4,4.9,5.062,1.225,RIGHT,1.3,1.3,OK,
GTX-A,1,1,1.225,0.2,1.425,2.987,1.3,4.412,5.712,5,5,6.3,5.062,0.175,LEFT,1.3,1.3,OK,
GTX-A,1,1,1.225,0.25,1.475,2.987,1.3,4.462,5.762,4,4,4.9,5.112,1.225,RIGHT,1.3,1.3,OK,
GTX-A,1,1,1.225,0.25,1.475,2.987,1.3,4.462,5.762,5,5,6.3,5.112,0.175,LEFT,1.3,1.3,OK,
GTX-A,1,1,1.225,0.3,1.525,2.987,1.3,4.512,5.812,4,4,4.9,5.162,1.225,RIGHT,1.3,1.3,OK,
GTX-A,1,1,1.225,0.3,1.525,2.987,1.3,4.512,5.812,5,5,6.3,5.162,0.35,LEFT,1.3,1.3,OK,
GTX-A,1,1,1.225,0.35,1.575,2.987,1.3,4.562,5.862,4,4,4.9,5.212,1.05,RIGHT,1.3,1.3,OK,
GTX-A,1,1,1.225,0.35,1.575,2.987,1.3,4.562,5.862,5,5,6.3,5.212,0.35,LEFT,1.3,1.3,OK,
GTX-A,2,8,0,-0.35,-0.35,9.324,1.3,8.974,10.274,7,7,9.1,9.624,0.875,RIGHT,1.3,1.3,OK,
GTX-A,2,8,0,-0.35,-0.35,9.324,1.3,8.974,10.274,0,0,10.5,9.624,0.525,LEFT,1.3,1.3,OK,
GTX-A,2,8,0,-0.3,-0.3,9.324,1.3,9.024,10.324,7,7,9.1,9.674,0.875,RIGHT,1.3,1.3,OK,
GTX-A,2,8,0,-0.3,-0.3,9.324,1.3,9.024,10.324,0,0,10.5,9.674,0.525,LEFT,1.3,1.3,OK,
GTX-A,2,8,0,-0.25,-0.25,9.324,1.3,9.074,10.374,7,7,9.1,9.724,0.875,RIGHT,1.3,1.3,OK,
GTX-A,2,8,0,-0.25,-0.25,9.324,1.3,9.074,10.374,0,0,10.5,9.724,0.7,LEFT,1.3,1.3,OK,
GTX-A,2,8,0,-0.2,-0.2,9.324,1.3,9.124,10.424,7,7,9.1,9.774,0.7,RIGHT,1.3,1.3,OK,
GTX-A,2,8,0,-0.2,-0.2,9.324,1.3,9.124,10.424,0,0,10.5,9.774,0.7,LEFT,1.3,1.3,OK,
GTX-A,2,8,0,-0.15,-0.15,9.324,1.3,9.174,10.474,7,7,9.1,9.824,0.7,RIGHT,1.3,1.3,OK,
GTX-A,2,8,0,-0.15,-0.15,9.324,1.3,9.174,10.474,0,0,10.5,9.824,0.7,LEFT,1.3,1.3,OK,
GTX-A,2,8,0,-0.1,-0.1,9.324,1.3,9.224,10.524,7,7,9.1,9.874,0.7,RIGHT,1.3,1.3,OK,
GTX-A,2,8,0,-0.1,-0.1,9.324,1.3,9.224,10.524,0,0,10.5,9.874,0.875,LEFT,1.3,1.3,OK,
GTX-A,2,8,0,-0.05,-0.05,9.324,1.3,9.274,10.574,7,7,9.1,9.924,0.7,RIGHT,1.3,1.3,OK,
GTX-A,2,8,0,-0.05,-0.05,9.324,1.3,9.274,10.574,0,0,10.5,9.924,0.875,LEFT,1.3,1.3,OK,
GTX-A,2,8,0,0,0,9.324,1.3,9.324,10.624,7,7,9.1,9.974,0.525,RIGHT,1.3,1.3,OK,
GTX-A,2,8,0,0,0,9.324,1.3,9.324,10.624,0,0,10.5,9.974,0.875,LEFT,1.3,1.3,OK,
GTX-A,2,8,0,0.05,0.05,9.324,1.3,9.374,10.674,7,7,9.1,10.024,0.525,RIGHT,1.3,1.3,OK,
GTX-A,2,8,0,0.05,0.05,9.324,1.3,9.374,10.674,0,0,10.5,10.024,0.875,LEFT,1.3,1.3,OK,
GTX-A,2,8,0,0.1,0.1,9.324,1.3,9.424,10.724,7,7,9.1,10.074,0.525,RIGHT,1.3,1.3,OK,
GTX-A,2,8,0,0.1,0.1,9.324,1.3,9.424,10.724,0,0,10.5,10.074,1.05,LEFT,1.3,1.3,OK,
GTX-A,2,8,0,0.15,0.15,9.324,1.3,9.474,10.774,7,7,9.1,10.124,0.35,RIGHT,1.3,1.3,OK,
GTX-A,2,8,0,0.15,0.15,9.324,1.3,9.474,10.774,0,0,10.5,10.124,1.05,LEFT,1.3,1.3,OK,
GTX-A,2,8,0,0.2,0.2,9.324,1.3,9.524,10.824,7,7,9.1,10.174,0.35,RIGHT,1.3,1.3,OK,
GTX-A,2,8,0,0.2,0.2,9.324,1.3,9.524,10.824,0,0,10.5,10.174,1.05,LEFT,1.3,1.3,OK,
GTX-A,2,8,0,0.25,0.25,9.324,1.3,9.574,10.874,7,7,9.1,10.224,0.35,RIGHT,1.3,1.3,OK,
GTX-A,2,8,0,0.25,0.25,9.324,1.3,9.574,10.874,0,0,10.5,10.224,1.225,LEFT,1.3,1.3,OK,
GTX-A,2,8,0,0.3,0.3,9.324,1.3,9.624,10.924,7,7,9.1,10.274,0.35,RIGHT,1.3,1.3,OK,
GTX-A,2,8,0,0.3,0.3,9.324,1.3,9.624,10.924,0,0,10.5,10.274,1.225,LEFT,1.3,1.3,OK,
GTX-A,2,8,0,0.35,0.35,9.324,1.3,9.674,10.974,7,7,9.1,10.324,0.175,RIGHT,1.3,1.3,OK,
GTX-A,2,8,0,0.35,0.35,9.324,1.3,9.674,10.974,0,0,10.5,10.324,1.225,LEFT,1.3,1.3,OK,
GTX-A,2,7,0.175,-0.35,-0.175,9.324,1.3,9.149,10.449,7,7,9.1,9.799,0.7,RIGHT,1.3,1.3,OK,
GTX-A,2,7,0.175,-0.35,-0.175,9.324,1.3,9.149,10.449,0,0,10.5,9.799,0.7,LEFT,1.3,1.3,OK,
GTX-A,2,7,0.175,-0.3,-0.125,9.324,1.3,9.199,10.499,7,7,9.1,9.849,0.7,RIGHT,1.3,1.3,OK,
GTX-A,2,7,0.175,-0.3,-0.125,9.324,1.3,9.199,10.499,0,0,10.5,9.849,0.7,LEFT,1.3,1.3,OK,
GTX-A,2,7,0.175,-0.25,-0.075,9.324,1.3,9.249,10.549,7,7,9.1,9.899,0.7,RIGHT,1.3,1.3,OK,
GTX-A,2,7,0.175,-0.25,-0.075,9.324,1.3,9.249,10.549,0,0,10.5,9.899,0.875,LEFT,1.3,1.3,OK,
GTX-A,2,7,0.175,-0.2,-0.025,9.324,1.3,9.299,10.599,7,7,9.1,9.949,0.525,RIGHT,1.3,1.3,OK,
GTX-A,2,7,0.175,-0.2,-0.025,9.324,1.3,9.299,10.599,0,0,10.5,9.949,0.875,LEFT,1.3,1.3,OK,
GTX-A,2,7,0.175,-0.15,0.025,9.324,1.3,9.349,10.649,7,7,9.1,9.999,0.525,RIGHT,1.3,1.3,OK,
GTX-A,2,7,0.175,-0.15,0.025,9.324,1.3,9.349,10.649,0,0,10.5,9.999,0.875,LEFT,1.3,1.3,OK,
GTX-A,2,7,0.175,-0.1,0.075,9.324,1.3,9.399,10.699,7,7,9.1,10.049,0.525,RIGHT,1.3,1.3,OK,
GTX-A,2,7,0.175,-0.1,0.075,9.324,1.3,9.399,10.699,0,0,10.5,10.049,1.05,LEFT,1.3,1.3,OK,
GTX-A,2,7,0.175,-0.05,0.125,9.324,1.3,9.449,10.749,7,7,9.1,10.099,0.525,RIGHT,1.3,1.3,OK,
GTX-A,2,7,0.175,-0.05,0.125,9.324,1.3,9.449,10.749,0,0,10.5,10.099,1.05,LEFT,1.3,1.3,OK,
GTX-A,2,7,0.175,0,0.175,9.324,1.3,9.499,10.799,7,7,9.1,10.149,0.35,RIGHT,1.3,1.3,OK,
GTX-A,2,7,0.175,0,0.175,9.324,1.3,9.499,10.799,0,0,10.5,10.149,1.05,LEFT,1.3,1.3,OK,
GTX-A,2,7,0.175,0.05,0.225,9.324,1.3,9.549,10.849,7,7,9.1,10.199,0.35,RIGHT,1.3,1.3,OK,
GTX-A,2,7,0.175,0.05,0.225,9.324,1.3,9.549,10.849,0,0,10.5,10.199,1.05,LEFT,1.3,1.3,OK,
GTX-A,2,7,0.175,0.1,0.275,9.324,1.3,9.599,10.899,7,7,9.1,10.249,0.35,RIGHT,1.3,1.3,OK,
GTX-A,2,7,0.175,0.1,0.275,9.324,1.3,9.599,10.899,0,0,10.5,10.249,1.225,LEFT,1.3,1.3,OK,
GTX-A,2,7,0.175,0.15,0.325,9.324,1.3,9.649,10.949,7,7,9.1,10.299,0.175,RIGHT,1.3,1.3,OK,
GTX-A,2,7,0.175,0.15,0.325,9.324,1.3,9.649,10.949,0,0,10.5,10.299,1.225,LEFT,1.3,1.3,OK,
GTX-A,2,7,0.175,0.2,0.375,9.324,1.3,9.699,10.999,7,7,9.1,10.349,0.175,RIGHT,1.3,1.3,OK,
GTX-A,2,7,0.175,0.2,0.375,9.324,1.3,9.699,10.999,0,0,10.5,10.349,1.225,LEFT,1.3,1.3,OK,
GTX-A,2,7,0.175,0.25,0.425,9.324,1.3,9.749,11.049,7,7,9.1,10.399,0.175,RIGHT,1.3,1.3,OK,
GTX-A,2,7,0.175,0.25,0.425,9.324,1.3,9.749,11.049,0,0,10.5,10.399,1.4,LEFT,1.3,1.3,OK,
GTX-A,2,7,0.175,0.3,0.475,9.324,1.3,9.799,11.099,7,7,9.1,10.449,0.175,RIGHT,1.3,1.3,OK,
GTX-A,2,7,0.175,0.3,0.475,9.324,1.3,9.799,11.099,0,0,10.5,10.449,1.4,LEFT,1.3,1.3,OK,
GTX-A,2,7,0.175,0.35,0.525,9.324,1.3,9.849,11.149,0,0,10.5,10.499,1.4,LEFT,1.3,1.3,OK,
GTX-A,2,6,0.35,-0.35,0,9.324,1.3,9.324,10.624,7,7,9.1,9.974,0.525,RIGHT,1.3,1.3,OK,
GTX-A,2,6,0.35,-0.35,0,9.324,1.3,9.324,10.624,0,0,10.5,9.974,0.875,LEFT,1.3,1.3,OK,
GTX-A,2,6,0.35,-0.3,0.05,9.324,1.3,9.374,10.674,7,7,9.1,10.024,0.525,RIGHT,1.3,1.3,OK,
GTX-A,2,6,0.35,-0.3,0.05,9.324,1.3,9.374,10.674,0,0,10.5,10.024,0.875,LEFT,1.3,1.3,OK,
GTX-A,2,6,0.35,-0.25,0.1,9.324,1.3,9.424,10.724,7,7,9.1,10.074,0.525,RIGHT,1.3,1.3,OK,
GTX-A,2,6,0.35,-0.25,0.1,9.324,1.3,9.424,10.724,0,0,10.5,10.074,1.05,LEFT,1.3,1.3,OK,
GTX-A,2,6,0.35,-0.2,0.15,9.324,1.3,9.474,10.774,7,7,9.1,10.124,0.35,RIGHT,1.3,1.3,OK,
GTX-A,2,6,0.35,-0.2,0.15,9.324,1.3,9.474,10.774,0,0,10.5,10.124,1.05,LEFT,1.3,1.3,OK,
GTX-A,2,6,0.35,-0.15,0.2,9.324,1.3,9.524,10.824,7,7,9.1,10.174,0.35,RIGHT,1.3,1.3,OK,
GTX-A,2,6,0.35,-0.15,0.2,9.324,1.3,9.524,10.824,0,0,10.5,10.174,1.05,LEFT,1.3,1.3,OK,
GTX-A,2,6,0.35,-0.1,0.25,9.324,1.3,9.574,10.874,7,7,9.1,10.224,0.35,RIGHT,1.3,1.3,OK,
GTX-A,2,6,0.35,-0.1,0.25,9.324,1.3,9.574,10.874,0,0,10.5,10.224,1.225,LEFT,1.3,1.3,OK,
GTX-A,2,6,0.35,-0.05,0.3,9.324,1.3,9.624,10.924,7,7,9.1,10.274,0.35,RIGHT,1.3,1.3,OK,
GTX-A,2,6,0.35,-0.05,0.3,9.324,1.3,9.624,10.924,0,0,10.5,10.274,1.225,LEFT,1.3,1.3,OK,
GTX-A,2,6,0.35,0,0.35,9.324,1.3,9.674,10.974,7,7,9.1,10.324,0.175,RIGHT,1.3,1.3,OK,
GTX-A,2,6,0.35,0,0.35,9.324,1.3,9.674,10.974,0,0,10.5,10.324,1.225,LEFT,1.3,1.3,OK,
GTX-A,2,6,0.35,0.05,0.4,9.324,1.3,9.724,11.024,7,7,9.1,10.374,0.175,RIGHT,1.3,1.3,OK,
GTX-A,2,6,0.35,0.05,0.4,9.324,1.3,9.724,11.024,0,0,10.5,10.374,1.225,LEFT,1.3,1.3,OK,
GTX-A,2,6,0.35,0.1,0.45,9.324,1.3,9.774,11.074,7,7,9.1,10.424,0.175,RIGHT,1.3,1.3,OK,
GTX-A,2,6,0.35,0.1,0.45,9.324,1.3,9.774,11.074,0,0,10.5,10.424,1.4,LEFT,1.3,1.3,OK,
GTX-A,2,6,0.35,0.15,0.5,9.324,1.3,9.824,11.124,0,0,10.5,10.474,1.4,LEFT,1.3,1.3,OK,
GTX-A,2,6,0.35,0.2,0.55,9.324,1.3,9.874,11.174,0,0,10.5,10.524,1.4,RIGHT,1.3,1.3,OK,
GTX-A,2,6,0.35,0.25,0.6,9.324,1.3,9.924,11.224,0,0,10.5,10.574,1.4,RIGHT,1.3,1.3,OK,
GTX-A,2,6,0.35,0.25,0.6,9.324,1.3,9.924,11.224,1,1,11.9,10.574,0.175,LEFT,1.3,1.3,OK,
GTX-A,2,6,0.35,0.3,0.65,9.324,1.3,9.974,11.274,0,0,10.5,10.624,1.4,RIGHT,1.3,1.3,OK,
GTX-A,2,6,0.35,0.3,0.65,9.324,1.3,9.974,11.274,1,1,11.9,10.624,0.175,LEFT,1.3,1.3,OK,
GTX-A,2,6,0.35,0.35,0.7,9.324,1.3,10.024,11.324,0,0,10.5,10.674,1.225,RIGHT,1.3,1.3,OK,
GTX-A,2,6,0.35,0.35,0.7,9.324,1.3,10.024,11.324,1,1,11.9,10.674,0.175,LEFT,1.3,1.3,OK,
GTX-A,2,5,0.525,-0.35,0.175,9.324,1.3,9.499,10.799,7,7,9.1,10.149,0.35,RIGHT,1.3,1.3,OK,
GTX-A,2,5,0.525,-0.35,0.175,9.324,1.3,9.499,10.799,0,0,10.5,10.149,1.05,LEFT,1.3,1.3,OK,
GTX-A,2,5,0.525,-0.3,0.225,9.324,1.3,9.549,10.849,7,7,9.1,10.199,0.35,RIGHT,1.3,1.3,OK,
GTX-A,2,5,0.525,-0.3,0.225,9.324,1.3,9.549,10.849,0,0,10.5,10.199,1.05,LEFT,1.3,1.3,OK,
GTX-A,2,5,0.525,-0.25,0.275,9.324,1.3,9.599,10.899,7,7,9.1,10.249,0.35,RIGHT,1.3,1.3,OK,
GTX-A,2,5,0.525,-0.25,0.275,9.324,1.3,9.599,10.899,0,0,10.5,10.249,1.225,LEFT,1.3,1.3,OK,
GTX-A,2,5,0.525,-0.2,0.325,9.324,1.3,9.649,10.949,7,7,9.1,10.299,0.175,RIGHT,1.3,1.3,OK,
GTX-A,2,5,0.525,-0.2,0.325,9.324,1.3,9.649,10.949,0,0,10.5,10.299,1.225,LEFT,1.3,1.3,OK,
GTX-A,2,5,0.525,-0.15,0.375,9.324,1.3,9.699,10.999,7,7,9.1,10.349,0.175,RIGHT,1.3,1.3,OK,
GTX-A,2,5,0.525,-0.15,0.375,9.324,1.3,9.699,10.999,0,0,10.5,10.349,1.225,LEFT,1.3,1.3,OK,
GTX-A,2,5,0.525,-0.1,0.425,9.324,1.3,9.749,11.049,7,7,9.1,10.399,0.175,RIGHT,1.3,1.3,OK,
GTX-A,2,5,0.525,-0.1,0.425,9.324,1.3,9.749,11.049,0,0,10.5,10.399,1.4,LEFT,1.3,1.3,OK,
GTX-A,2,5,0.525,-0.05,0.475,9.324,1.3,9.799,11.099,7,7,9.1,10.449,0.175,RIGHT,1.3,1.3,OK,
GTX-A,2,5,0.525,-0.05,0.475,9.324,1.3,9.799,11.099,0,0,10.5,10.449,1.4,LEFT,1.3,1.3,OK,
GTX-A,2,5,0.525,0,0.525,9.324,1.3,9.849,11.149,0,0,10.5,10.499,1.4,LEFT,1.3,1.3,OK,
GTX-A,2,5,0.525,0.05,0.575,9.324,1.3,9.899,11.199,0,0,10.5,10.549,1.4,RIGHT,1.3,1.3,OK,
GTX-A,2,5,0.525,0.1,0.625,9.324,1.3,9.949,11.249,0,0,10.5,10.599,1.4,RIGHT,1.3,1.3,OK,
GTX-A,2,5,0.525,0.1,0.625,9.324,1.3,9.949,11.249,1,1,11.9,10.599,0.175,LEFT,1.3,1.3,OK,
GTX-A,2,5,0.525,0.15,0.675,9.324,1.3,9.999,11.299,0,0,10.5,10.649,1.225,RIGHT,1.3,1.3,OK,
GTX-A,2,5,0.525,0.15,0.675,9.324,1.3,9.999,11.299,1,1,11.9,10.649,0.175,LEFT,1.3,1.3,OK,
GTX-A,2,5,0.525,0.2,0.725,9.324,1.3,10.049,11.349,0,0,10.5,10.699,1.225,RIGHT,1.3,1.3,OK,
GTX-A,2,5,0.525,0.2,0.725,9.324,1.3,10.049,11.349,1,1,11.9,10.699,0.175,LEFT,1.3,1.3,OK,
GTX-A,2,5,0.525,0.25,0.775,9.324,1.3,10.099,11.399,0,0,10.5,10.749,1.225,RIGHT,1.3,1.3,OK,
GTX-A,2,5,0.525,0.25,0.775,9.324,1.3,10.099,11.399,1,1,11.9,10.749,0.35,LEFT,1.3,1.3,OK,
GTX-A,2,5,0.525,0.3,0.825,9.324,1.3,10.149,11.449,0,0,10.5,10.799,1.225,RIGHT,1.3,1.3,OK,
GTX-A,2,5,0.525,0.3,0.825,9.324,1.3,10.149,11.449,1,1,11.9,10.799,0.35,LEFT,1.3,1.3,OK,
GTX-A,2,5,0.525,0.35,0.875,9.324,1.3,10.199,11.499,0,0,10.5,10.849,1.05,RIGHT,1.3,1.3,OK,
GTX-A,2,5,0.525,0.35,0.875,9.324,1.3,10.199,11.499,1,1,11.9,10.849,0.35,LEFT,1.3,1.3,OK,
GTX-A,2,4,0.7,-0.35,0.35,9.324,1.3,9.674,10.974,7,7,9.1,10.324,0.175,RIGHT,1.3,1.3,OK,
GTX-A,2,4,0.7,-0.35,0.35,9.324,1.3,9.674,10.974,0,0,10.5,10.324,1.225,LEFT,1.3,1.3,OK,
GTX-A,2,4,0.7,-0.3,0.4,9.324,1.3,9.724,11.024,7,7,9.1,10.374,0.175,RIGHT,1.3,1.3,OK,
GTX-A,2,4,0.7,-0.3,0.4,9.324,1.3,9.724,11.024,0,0,10.5,10.374,1.225,LEFT,1.3,1.3,OK,
GTX-A,2,4,0.7,-0.25,0.45,9.324,1.3,9.774,11.074,7,7,9.1,10.424,0.175,RIGHT,1.3,1.3,OK,
GTX-A,2,4,0.7,-0.25,0.45,9.324,1.3,9.774,11.074,0,0,10.5,10.424,1.4,LEFT,1.3,1.3,OK,
GTX-A,2,4,0.7,-0.2,0.5,9.324,1.3,9.824,11.124,0,0,10.5,10.474,1.4,LEFT,1.3,1.3,OK,
GTX-A,2,4,0.7,-0.15,0.55,9.324,1.3,9.874,11.174,0,0,10.5,10.524,1.4,RIGHT,1.3,1.3,OK,
GTX-A,2,4,0.7,-0.1,0.6,9.324,1.3,9.924,11.224,0,0,10.5,10.574,1.4,RIGHT,1.3,1.3,OK,
GTX-A,2,4,0.7,-0.1,0.6,9.324,1.3,9.924,11.224,1,1,11.9,10.574,0.175,LEFT,1.3,1.3,OK,
GTX-A,2,4,0.7,-0.05,0.65,9.324,1.3,9.974,11.274,0,0,10.5,10.624,1.4,RIGHT,1.3,1.3,OK,
GTX-A,2,4,0.7,-0.05,0.65,9.324,1.3,9.974,11.274,1,1,11.9,10.624,0.175,LEFT,1.3,1.3,OK,
GTX-A,2,4,0.7,0,0.7,9.324,1.3,10.024,11.324,0,0,10.5,10.674,1.225,RIGHT,1.3,1.3,OK,
GTX-A,2,4,0.7,0,0.7,9.324,1.3,10.024,11.324,1,1,11.9,10.674,0.175,LEFT,1.3,1.3,OK,
GTX-A,2,4,0.7,0.05,0.75,9.324,1.3,10.074,11.374,0,0,10.5,10.724,1.225,RIGHT,1.3,1.3,OK,
GTX-A,2,4,0.7,0.05,0.75,9.324,1.3,10.074,11.374,1,1,11.9,10.724,0.175,LEFT,1.3,1.3,OK,
GTX-A,2,4,0.7,0.1,0.8,9.324,1.3,10.124,11.424,0,0,10.5,10.774,1.225,RIGHT,1.3,1.3,OK,
GTX-A,2,4,0.7,0.1,0.8,9.324,1.3,10.124,11.424,1,1,11.9,10.774,0.35,LEFT,1.3,1.3,OK,
GTX-A,2,4,0.7,0.15,0.85,9.324,1.3,10.174,11.474,0,0,10.5,10.824,1.05,RIGHT,1.3,1.3,OK,
GTX-A,2,4,0.7,0.15,0.85,9.324,1.3,10.174,11.474,1,1,11.9,10.824,0.35,LEFT,1.3,1.3,OK,
GTX-A,2,4,0.7,0.2,0.9,9.324,1.3,10.224,11.524,0,0,10.5,10.874,1.05,RIGHT,1.3,1.3,OK,
GTX-A,2,4,0.7,0.2,0.9,9.324,1.3,10.224,11.524,1,1,11.9,10.874,0.35,LEFT,1.3,1.3,OK,
GTX-A,2,4,0.7,0.25,0.95,9.324,1.3,10.274,11.574,0,0,10.5,10.924,1.05,RIGHT,1.3,1.3,OK,
GTX-A,2,4,0.7,0.25,0.95,9.324,1.3,10.274,11.574,1,1,11.9,10.924,0.525,LEFT,1.3,1.3,OK,
GTX-A,2,4,0.7,0.3,1,9.324,1.3,10.324,11.624,0,0,10.5,10.974,1.05,RIGHT,1.3,1.3,OK,
GTX-A,2,4,0.7,0.3,1,9.324,1.3,10.324,11.624,1,1,11.9,10.974,0.525,LEFT,1.3,1.3,OK,
GTX-A,2,4,0.7,0.35,1.05,9.324,1.3,10.374,11.674,0,0,10.5,11.024,0.875,RIGHT,1.3,1.3,OK,
GTX-A,2,4,0.7,0.35,1.05,9.324,1.3,10.374,11.674,1,1,11.9,11.024,0.525,LEFT,1.3,1.3,OK,
GTX-A,2,3,0.875,-0.35,0.525,9.324,1.3,9.849,11.149,0,0,10.5,10.499,1.4,LEFT,1.3,1.3,OK,
GTX-A,2,3,0.875,-0.3,0.575,9.324,1.3,9.899,11.199,0,0,10.5,10.549,1.4,RIGHT,1.3,1.3,OK,
GTX-A,2,3,0.875,-0.25,0.625,9.324,1.3,9.949,11.249,0,0,10.5,10.599,1.4,RIGHT,1.3,1.3,OK,
GTX-A,2,3,0.875,-0.25,0.625,9.324,1.3,9.949,11.249,1,1,11.9,10.599,0.175,LEFT,1.3,1.3,OK,
GTX-A,2,3,0.875,-0.2,0.675,9.324,1.3,9.999,11.299,0,0,10.5,10.649,1.225,RIGHT,1.3,1.3,OK,
GTX-A,2,3,0.875,-0.2,0.675,9.324,1.3,9.999,11.299,1,1,11.9,10.649,0.175,LEFT,1.3,1.3,OK,
GTX-A,2,3,0.875,-0.15,0.725,9.324,1.3,10.049,11.349,0,0,10.5,10.699,1.225,RIGHT,1.3,1.3,OK,
GTX-A,2,3,0.875,-0.15,0.725,9.324,1.3,10.049,11.349,1,1,11.9,10.699,0.175,LEFT,1.3,1.3,OK,
GTX-A,2,3,0.875,-0.1,0.775,9.324,1.3,10.099,11.399,0,0,10.5,10.749,1.225,RIGHT,1.3,1.3,OK,
GTX-A,2,3,0.875,-0.1,0.775,9.324,1.3,10.099,11.399,1,1,11.9,10.749,0.35,LEFT,1.3,1.3,OK,
GTX-A,2,3,0.875,-0.05,0.825,9.324,1.3,10.149,11.449,0,0,10.5,10.799,1.225,RIGHT,1.3,1.3,OK,
GTX-A,2,3,0.875,-0.05,0.825,9.324,1.3,10.149,11.449,1,1,11.9,10.799,0.35,LEFT,1.3,1.3,OK,
GTX-A,2,3,0.875,0,0.875,9.324,1.3,10.199,11.499,0,0,10.5,10.849,1.05,RIGHT,1.3,1.3,OK,
GTX-A,2,3,0.875,0,0.875,9.324,1.3,10.199,11.499,1,1,11.9,10.849,0.35,LEFT,1.3,1.3,OK,
GTX-A,2,3,0.875,0.05,0.925,9.324,1.3,10.249,11.549,0,0,10.5,10.899,1.05,RIGHT,1.3,1.3,OK,
GTX-A,2,3,0.875,0.05,0.925,9.324,1.3,10.249,11.549,1,1,11.9,10.899,0.35,LEFT,1.3,1.3,OK,
GTX-A,2,3,0.875,0.1,0.975,9.324,1.3,10.299,11.599,0,0,10.5,10.949,1.05,RIGHT,1.3,1.3,OK,
GTX-A,2,3,0.875,0.1,0.975,9.324,1.3,10.299,11.599,1,1,11.9,10.949,0.525,LEFT,1.3,1.3,OK,
GTX-A,2,3,0.875,0.15,1.025,9.324,1.3,10.349,11.649,0,0,10.5,10.999,0.875,RIGHT,1.3,1.3,OK,
GTX-A,2,3,0.875,0.15,1.025,9.324,1.3,10.349,11.649,1,1,11.9,10.999,0.525,LEFT,1.3,1.3,OK,
GTX-A,2,3,0.875,0.2,1.075,9.324,1.3,10.399,11.699,0,0,10.5,11.049,0.875,RIGHT,1.3,1.3,OK,
GTX-A,2,3,0.875,0.2,1.075,9.324,1.3,10.399,11.699,1,1,11.9,11.049,0.525,LEFT,1.3,1.3,OK,
GTX-A,2,3,0.875,0.25,1.125,9.324,1.3,10.449,11.749,0,0,10.5,11.099,0.875,RIGHT,1.3,1.3,OK,
GTX-A,2,3,0.875,0.25,1.125,9.324,1.3,10.449,11.749,1,1,11.9,11.099,0.7,LEFT,1.3,1.3,OK,
GTX-A,2,3,0.875,0.3,1.175,9.324,1.3,10.499,11.799,0,0,10.5,11.149,0.875,RIGHT,1.3,1.3,OK,
GTX-A,2,3,0.875,0.3,1.175,9.324,1.3,10.499,11.799,1,1,11.9,11.149,0.7,LEFT,1.3,1.3,OK,
GTX-A,2,3,0.875,0.35,1.225,9.324,1.3,10.549,11.849,0,0,10.5,11.199,0.7,RIGHT,1.3,1.3,OK,
GTX-A,2,3,0.875,0.35,1.225,9.324,1.3,10.549,11.849,1,1,11.9,11.199,0.7,LEFT,1.3,1.3,OK,
GTX-A,2,2,1.05,-0.35,0.7,9.324,1.3,10.024,11.324,0,0,10.5,10.674,1.225,RIGHT,1.3,1.3,OK,
GTX-A,2,2,1.05,-0.35,0.7,9.324,1.3,10.024,11.324,1,1,11.9,10.674,0.175,LEFT,1.3,1.3,OK,
GTX-A,2,2,1.05,-0.3,0.75,9.324,1.3,10.074,11.374,0,0,10.5,10.724,1.225,RIGHT,1.3,1.3,OK,
GTX-A,2,2,1.05,-0.3,0.75,9.324,1.3,10.074,11.374,1,1,11.9,10.724,0.175,LEFT,1.3,1.3,OK,
GTX-A,2,2,1.05,-0.25,0.8,9.324,1.3,10.124,11.424,0,0,10.5,10.774,1.225,RIGHT,1.3,1.3,OK,
GTX-A,2,2,1.05,-0.25,0.8,9.324,1.3,10.124,11.424,1,1,11.9,10.774,0.35,LEFT,1.3,1.3,OK,
GTX-A,2,2,1.05,-0.2,0.85,9.324,1.3,10.174,11.474,0,0,10.5,10.824,1.05,RIGHT,1.3,1.3,OK,
GTX-A,2,2,1.05,-0.2,0.85,9.324,1.3,10.174,11.474,1,1,11.9,10.824,0.35,LEFT,1.3,1.3,OK,
GTX-A,2,2,1.05,-0.15,0.9,9.324,1.3,10.224,11.524,0,0,10.5,10.874,1.05,RIGHT,1.3,1.3,OK,
GTX-A,2,2,1.05,-0.15,0.9,9.324,1.3,10.224,11.524,1,1,11.9,10.874,0.35,LEFT,1.3,1.3,OK,
GTX-A,2,2,1.05,-0.1,0.95,9.324,1.3,10.274,11.574,0,0,10.5,10.924,1.05,RIGHT,1.3,1.3,OK,
GTX-A,2,2,1.05,-0.1,0.95,9.324,1.3,10.274,11.574,1,1,11.9,10.924,0.525,LEFT,1.3,1.3,OK,
GTX-A,2,2,1.05,-0.05,1,9.324,1.3,10.324,11.624,0,0,10.5,10.974,1.05,RIGHT,1.3,1.3,OK,
GTX-A,2,2,1.05,-0.05,1,9.324,1.3,10.324,11.624,1,1,11.9,10.974,0.525,LEFT,1.3,1.3,OK,
GTX-A,2,2,1.05,0,1.05,9.324,1.3,10.374,11.674,0,0,10.5,11.024,0.875,RIGHT,1.3,1.3,OK,
GTX-A,2,2,1.05,0,1.05,9.324,1.3,10.374,11.674,1,1,11.9,11.024,0.525,LEFT,1.3,1.3,OK,
GTX-A,2,2,1.05,0.05,1.1,9.324,1.3,10.424,11.724,0,0,10.5,11.074,0.875,RIGHT,1.3,1.3,OK,
GTX-A,2,2,1.05,0.05,1.1,9.324,1.3,10.424,11.724,1,1,11.9,11.074,0.525,LEFT,1.3,1.3,OK,
GTX-A,2,2,1.05,0.1,1.15,9.324,1.3,10.474,11.774,0,0,10.5,11.124,0.875,RIGHT,1.3,1.3,OK,
GTX-A,2,2,1.05,0.1,1.15,9.324,1.3,10.474,11.774,1,1,11.9,11.124,0.7,LEFT,1.3,1.3,OK,
GTX-A,2,2,1.05,0.15,1.2,9.324,1.3,10.524,11.824,0,0,10.5,11.174,0.7,RIGHT,1.3,1.3,OK,
GTX-A,2,2,1.05,0.15,1.2,9.324,1.3,10.524,11.824,1,1,11.9,11.174,0.7,LEFT,1.3,1.3,OK,
GTX-A,2,2,1.05,0.2,1.25,9.324,1.3,10.574,11.874,0,0,10.5,11.224,0.7,RIGHT,1.3,1.3,OK,
GTX-A,2,2,1.05,0.2,1.25,9.324,1.3,10.574,11.874,1,1,11.9,11.224,0.7,LEFT,1.3,1.3,OK,
GTX-A,2,2,1.05,0.25,1.3,9.324,1.3,10.624,11.924,0,0,10.5,11.274,0.7,RIGHT,1.3,1.3,OK,
GTX-A,2,2,1.05,0.25,1.3,9.324,1.3,10.624,11.924,1,1,11.9,11.274,0.875,LEFT,1.3,1.3,OK,
GTX-A,2,2,1.05,0.3,1.35,9.324,1.3,10.674,11.974,0,0,10.5,11.324,0.7,RIGHT,1.3,1.3,OK,
GTX-A,2,2,1.05,0.3,1.35,9.324,1.3,10.674,11.974,1,1,11.9,11.324,0.875,LEFT,1.3,1.3,OK,
GTX-A,2,2,1.05,0.35,1.4,9.324,1.3,10.724,12.024,0,0,10.5,11.374,0.525,RIGHT,1.3,1.3,OK,
GTX-A,2,2,1.05,0.35,1.4,9.324,1.3,10.724,12.024,1,1,11.9,11.374,0.875,LEFT,1.3,1.3,OK,
GTX-A,2,1,1.225,-0.35,0.875,9.324,1.3,10.199,11.499,0,0,10.5,10.849,1.05,RIGHT,1.3,1.3,OK,
GTX-A,2,1,1.225,-0.35,0.875,9.324,1.3,10.199,11.499,1,1,11.9,10.849,0.35,LEFT,1.3,1.3,OK,
GTX-A,2,1,1.225,-0.3,0.925,9.324,1.3,10.249,11.549,0,0,10.5,10.899,1.05,RIGHT,1.3,1.3,OK,
GTX-A,2,1,1.225,-0.3,0.925,9.324,1.3,10.249,11.549,1,1,11.9,10.899,0.35,LEFT,1.3,1.3,OK,
GTX-A,2,1,1.225,-0.25,0.975,9.324,1.3,10.299,11.599,0,0,10.5,10.949,1.05,RIGHT,1.3,1.3,OK,
GTX-A,2,1,1.225,-0.25,0.975,9.324,1.3,10.299,11.599,1,1,11.9,10.949,0.525,LEFT,1.3,1.3,OK,
GTX-A,2,1,1.225,-0.2,1.025,9.324,1.3,10.349,11.649,0,0,10.5,10.999,0.875,RIGHT,1.3,1.3,OK,
GTX-A,2,1,1.225,-0.2,1.025,9.324,1.3,10.349,11.649,1,1,11.9,10.999,0.525,LEFT,1.3,1.3,OK,
GTX-A,2,1,1.225,-0.15,1.075,9.324,1.3,10.399,11.699,0,0,10.5,11.049,0.875,RIGHT,1.3,1.3,OK,
GTX-A,2,1,1.225,-0.15,1.075,9.324,1.3,10.399,11.699,1,1,11.9,11.049,0.525,LEFT,1.3,1.3,OK,
GTX-A,2,1,1.225,-0.1,1.125,9.324,1.3,10.449,11.749,0,0,10.5,11.099,0.875,RIGHT,1.3,1.3,OK,
GTX-A,2,1,1.225,-0.1,1.125,9.324,1.3,10.449,11.749,1,1,11.9,11.099,0.7,LEFT,1.3,1.3,OK,
GTX-A,2,1,1.225,-0.05,1.175,9.324,1.3,10.499,11.799,0,0,10.5,11.149,0.875,RIGHT,1.3,1.3,OK,
GTX-A,2,1,1.225,-0.05,1.175,9.324,1.3,10.499,11.799,1,1,11.9,11.149,0.7,LEFT,1.3,1.3,OK,
GTX-A,2,1,1.225,0,1.225,9.324,1.3,10.549,11.849,0,0,10.5,11.199,0.7,RIGHT,1.3,1.3,OK,
GTX-A,2,1,1.225,0,1.225,9.324,1.3,10.549,11.849,1,1,11.9,11.199,0.7,LEFT,1.3,1.3,OK,
GTX-A,2,1,1.225,0.05,1.275,9.324,1.3,10.599,11.899,0,0,10.5,11.249,0.7,RIGHT,1.3,1.3,OK,
GTX-A,2,1,1.225,0.05,1.275,9.324,1.3,10.599,11.899,1,1,11.9,11.249,0.7,LEFT,1.3,1.3,OK,
GTX-A,2,1,1.225,0.1,1.325,9.324,1.3,10.649,11.949,0,0,10.5,11.299,0.7,RIGHT,1.3,1.3,OK,
GTX-A,2,1,1.225,0.1,1.325,9.324,1.3,10.649,11.949,1,1,11.9,11.299,0.875,LEFT,1.3,1.3,OK,
GTX-A,2,1,1.225,0.15,1.375,9.324,1.3,10.699,11.999,0,0,10.5,11.349,0.525,RIGHT,1.3,1.3,OK,
GTX-A,2,1,1.225,0.15,1.375,9.324,1.3,10.699,11.999,1,1,11.9,11.349,0.875,LEFT,1.3,1.3,OK,
GTX-A,2,1,1.225,0.2,1.425,9.324,1.3,10.749,12.049,0,0,10.5,11.399,0.525,RIGHT,1.3,1.3,OK,
GTX-A,2,1,1.225,0.2,1.425,9.324,1.3,10.749,12.049,1,1,11.9,11.399,0.875,LEFT,1.3,1.3,OK,
GTX-A,2,1,1.225,0.25,1.475,9.324,1.3,10.799,12.099,0,0,10.5,11.449,0.525,RIGHT,1.3,1.3,OK,
GTX-A,2,1,1.225,0.25,1.475,9.324,1.3,10.799,12.099,1,1,11.9,11.449,1.05,LEFT,1.3,1.3,OK,
GTX-A,2,1,1.225,0.3,1.525,9.324,1.3,10.849,12.149,0,0,10.5,11.499,0.525,RIGHT,1.3,1.3,OK,
GTX-A,2,1,1.225,0.3,1.525,9.324,1.3,10.849,12.149,1,1,11.9,11.499,1.05,LEFT,1.3,1.3,OK,
GTX-A,2,1,1.225,0.35,1.575,9.324,1.3,10.899,12.199,0,0,10.5,11.549,0.35,RIGHT,1.3,1.3,OK,
GTX-A,2,1,1.225,0.35,1.575,9.324,1.3,10.899,12.199,1,1,11.9,11.549,1.05,LEFT,1.3,1.3,OK,
GTX-A,3,8,0,-0.35,-0.35,15.661,1.3,15.311,16.611,3,3,14.7,15.961,0.175,RIGHT,1.3,1.3,OK,
GTX-A,3,8,0,-0.35,-0.35,15.661,1.3,15.311,16.611,4,4,16.1,15.961,1.225,LEFT,1.3,1.3,OK,
GTX-A,3,8,0,-0.3,-0.3,15.661,1.3,15.361,16.661,3,3,14.7,16.011,0.175,RIGHT,1.3,1.3,OK,
GTX-A,3,8,0,-0.3,-0.3,15.661,1.3,15.361,16.661,4,4,16.1,16.011,1.4,LEFT,1.3,1.3,OK,
GTX-A,3,8,0,-0.25,-0.25,15.661,1.3,15.411,16.711,4,4,16.1,16.061,1.4,LEFT,1.3,1.3,OK,
GTX-A,3,8,0,-0.2,-0.2,15.661,1.3,15.461,16.761,4,4,16.1,16.111,1.4,RIGHT,1.3,1.3,OK,
GTX-A,3,8,0,-0.15,-0.15,15.661,1.3,15.511,16.811,4,4,16.1,16.161,1.4,RIGHT,1.3,1.3,OK,
GTX-A,3,8,0,-0.15,-0.15,15.661,1.3,15.511,16.811,5,5,17.5,16.161,0.175,LEFT,1.3,1.3,OK,
GTX-A,3,8,0,-0.1,-0.1,15.661,1.3,15.561,16.861,4,4,16.1,16.211,1.4,RIGHT,1.3,1.3,OK,
GTX-A,3,8,0,-0.1,-0.1,15.661,1.3,15.561,16.861,5,5,17.5,16.211,0.175,LEFT,1.3,1.3,OK,
GTX-A,3,8,0,-0.05,-0.05,15.661,1.3,15.611,16.911,4,4,16.1,16.261,1.225,RIGHT,1.3,1.3,OK,
GTX-A,3,8,0,-0.05,-0.05,15.661,1.3,15.611,16.911,5,5,17.5,16.261,0.175,LEFT,1.3,1.3,OK,
GTX-A,3,8,0,0,0,15.661,1.3,15.661,16.961,4,4,16.1,16.311,1.225,RIGHT,1.3,1.3,OK,
GTX-A,3,8,0,0,0,15.661,1.3,15.661,16.961,5,5,17.5,16.311,0.175,LEFT,1.3,1.3,OK,
GTX-A,3,8,0,0.05,0.05,15.661,1.3,15.711,17.011,4,4,16.1,16.361,1.225,RIGHT,1.3,1.3,OK,
GTX-A,3,8,0,0.05,0.05,15.661,1.3,15.711,17.011,5,5,17.5,16.361,0.35,LEFT,1.3,1.3,OK,
GTX-A,3,8,0,0.1,0.1,15.661,1.3,15.761,17.061,4,4,16.1,16.411,1.05,RIGHT,1.3,1.3,OK,
GTX-A,3,8,0,0.1,0.1,15.661,1.3,15.761,17.061,5,5,17.5,16.411,0.35,LEFT,1.3,1.3,OK,
GTX-A,3,8,0,0.15,0.15,15.661,1.3,15.811,17.111,4,4,16.1,16.461,1.05,RIGHT,1.3,1.3,OK,
GTX-A,3,8,0,0.15,0.15,15.661,1.3,15.811,17.111,5,5,17.5,16.461,0.35,LEFT,1.3,1.3,OK,
GTX-A,3,8,0,0.2,0.2,15.661,1.3,15.861,17.161,4,4,16.1,16.511,1.05,RIGHT,1.3,1.3,OK,
GTX-A,3,8,0,0.2,0.2,15.661,1.3,15.861,17.161,5,5,17.5,16.511,0.525,LEFT,1.3,1.3,OK,
GTX-A,3,8,0,0.25,0.25,15.661,1.3,15.911,17.211,4,4,16.1,16.561,1.05,RIGHT,1.3,1.3,OK,
GTX-A,3,8,0,0.25,0.25,15.661,1.3,15.911,17.211,5,5,17.5,16.561,0.525,LEFT,1.3,1.3,OK,
GTX-A,3,8,0,0.3,0.3,15.661,1.3,15.961,17.261,4,4,16.1,16.611,0.875,RIGHT,1.3,1.3,OK,
GTX-A,3,8,0,0.3,0.3,15.661,1.3,15.961,17.261,5,5,17.5,16.611,0.525,LEFT,1.3,1.3,OK,
GTX-A,3,8,0,0.35,0.35,15.661,1.3,16.011,17.311,4,4,16.1,16.661,0.875,RIGHT,1.3,1.3,OK,
GTX-A,3,8,0,0.35,0.35,15.661,1.3,16.011,17.311,5,5,17.5,16.661,0.525,LEFT,1.3,1.3,OK,
GTX-A,3,7,0.175,-0.35,-0.175,15.661,1.3,15.486,16.786,4,4,16.1,16.136,1.4,RIGHT,1.3,1.3,OK,
GTX-A,3,7,0.175,-0.3,-0.125,15.661,1.3,15.536,16.836,4,4,16.1,16.186,1.4,RIGHT,1.3,1.3,OK,
GTX-A,3,7,0.175,-0.3,-0.125,15.661,1.3,15.536,16.836,5,5,17.5,16.186,0.175,LEFT,1.3,1.3,OK,
GTX-A,3,7,0.175,-0.25,-0.075,15.661,1.3,15.586,16.886,4,4,16.1,16.236,1.225,RIGHT,1.3,1.3,OK,
GTX-A,3,7,0.175,-0.25,-0.075,15.661,1.3,15.586,16.886,5,5,17.5,16.236,0.175,LEFT,1.3,1.3,OK,
GTX-A,3,7,0.175,-0.2,-0.025,15.661,1.3,15.636,16.936,4,4,16.1,16.286,1.225,RIGHT,1.3,1.3,OK,
GTX-A,3,7,0.175,-0.2,-0.025,15.661,1.3,15.636,16.936,5,5,17.5,16.286,0.175,LEFT,1.3,1.3,OK,
GTX-A,3,7,0.175,-0.15,0.025,15.661,1.3,15.686,16.986,4,4,16.1,16.336,1.225,RIGHT,1.3,1.3,OK,
GTX-A,3,7,0.175,-0.15,0.025,15.661,1.3,15.686,16.986,5,5,17.5,16.336,0.35,LEFT,1.3,1.3,OK,
GTX-A,3,7,0.175,-0.1,0.075,15.661,1.3,15.736,17.036,4,4,16.1,16.386,1.225,RIGHT,1.3,1.3,OK,
GTX-A,3,7,0.175,-0.1,0.075,15.661,1.3,15.736,17.036,5,5,17.5,16.386,0.35,LEFT,1.3,1.3,OK,
GTX-A,3,7,0.175,-0.05,0.125,15.661,1.3,15.786,17.086,4,4,16.1,16.436,1.05,RIGHT,1.3,1.3,OK,
GTX-A,3,7,0.175,-0.05,0.125,15.661,1.3,15.786,17.086,5,5,17.5,16.436,0.35,LEFT,1.3,1.3,OK,
GTX-A,3,7,0.175,0,0.175,15.661,1.3,15.836,17.136,4,4,16.1,16.486,1.05,RIGHT,1.3,1.3,OK,
GTX-A,3,7,0.175,0,0.175,15.661,1.3,15.836,17.136,5,5,17.5,16.486,0.35,LEFT,1.3,1.3,OK,
GTX-A,3,7,0.175,0.05,0.225,15.661,1.3,15.886,17.186,4,4,16.1,16.536,1.05,RIGHT,1.3,1.3,OK,
GTX-A,3,7,0.175,0.05,0.225,15.661,1.3,15.886,17.186,5,5,17.5,16.536,0.525,LEFT,1.3,1.3,OK,
GTX-A,3,7,0.175,0.1,0.275,15.661,1.3,15.936,17.236,4,4,16.1,16.586,0.875,RIGHT,1.3,1.3,OK,
GTX-A,3,7,0.175,0.1,0.275,15.661,1.3,15.936,17.236,5,5,17.5,16.586,0.525,LEFT,1.3,1.3,OK,
GTX-A,3,7,0.175,0.15,0.325,15.661,1.3,15.986,17.286,4,4,16.1,16.636,0.875,RIGHT,1.3,1.3,OK,
GTX-A,3,7,0.175,0.15,0.325,15.661,1.3,15.986,17.286,5,5,17.5,16.636,0.525,LEFT,1.3,1.3,OK,
GTX-A,3,7,0.175,0.2,0.375,15.661,1.3,16.036,17.336,4,4,16.1,16.686,0.875,RIGHT,1.3,1.3,OK,
GTX-A,3,7,0.175,0.2,0.375,15.661,1.3,16.036,17.336,5,5,17.5,16.686,0.7,LEFT,1.3,1.3,OK,
GTX-A,3,7,0.175,0.25,0.425,15.661,1.3,16.086,17.386,4,4,16.1,16.736,0.875,RIGHT,1.3,1.3,OK,
GTX-A,3,7,0.175,0.25,0.425,15.661,1.3,16.086,17.386,5,5,17.5,16.736,0.7,LEFT,1.3,1.3,OK,
GTX-A,3,7,0.175,0.3,0.475,15.661,1.3,16.136,17.436,4,4,16.1,16.786,0.7,RIGHT,1.3,1.3,OK,
GTX-A,3,7,0.175,0.3,0.475,15.661,1.3,16.136,17.436,5,5,17.5,16.786,0.7,LEFT,1.3,1.3,OK,
GTX-A,3,7,0.175,0.35,0.525,15.661,1.3,16.186,17.486,4,4,16.1,16.836,0.7,RIGHT,1.3,1.3,OK,
GTX-A,3,7,0.175,0.35,0.525,15.661,1.3,16.186,17.486,5,5,17.5,16.836,0.7,LEFT,1.3,1.3,OK,
GTX-A,3,6,0.35,-0.35,0,15.661,1.3,15.661,16.961,4,4,16.1,16.311,1.225,RIGHT,1.3,1.3,OK,
GTX-A,3,6,0.35,-0.35,0,15.661,1.3,15.661,16.961,5,5,17.5,16.311,0.175,LEFT,1.3,1.3,OK,
GTX-A,3,6,0.35,-0.3,0.05,15.661,1.3,15.711,17.011,4,4,16.1,16.361,1.225,RIGHT,1.3,1.3,OK,
GTX-A,3,6,0.35,-0.3,0.05,15.661,1.3,15.711,17.011,5,5,17.5,16.361,0.35,LEFT,1.3,1.3,OK,
GTX-A,3,6,0.35,-0.25,0.1,15.661,1.3,15.761,17.061,4,4,16.1,16.411,1.05,RIGHT,1.3,1.3,OK,
GTX-A,3,6,0.35,-0.25,0.1,15.661,1.3,15.761,17.061,5,5,17.5,16.411,0.35,LEFT,1.3,1.3,OK,
GTX-A,3,6,0.35,-0.2,0.15,15.661,1.3,15.811,17.111,4,4,16.1,16.461,1.05,RIGHT,1.3,1.3,OK,
GTX-A,3,6,0.35,-0.2,0.15,15.661,1.3,15.811,17.111,5,5,17.5,16.461,0.35,LEFT,1.3,1.3,OK,
GTX-A,3,6,0.35,-0.15,0.2,15.661,1.3,15.861,17.161,4,4,16.1,16.511,1.05,RIGHT,1.3,1.3,OK,
GTX-A,3,6,0.35,-0.15,0.2,15.661,1.3,15.861,17.161,5,5,17.5,16.511,0.525,LEFT,1.3,1.3,OK,
GTX-A,3,6,0.35,-0.1,0.25,15.661,1.3,15.911,17.211,4,4,16.1,16.561,1.05,RIGHT,1.3,1.3,OK,
GTX-A,3,6,0.35,-0.1,0.25,15.661,1.3,15.911,17.211,5,5,17.5,16.561,0.525,LEFT,1.3,1.3,OK,
GTX-A,3,6,0.35,-0.05,0.3,15.661,1.3,15.961,17.261,4,4,16.1,16.611,0.875,RIGHT,1.3,1.3,OK,
GTX-A,3,6,0.35,-0.05,0.3,15.661,1.3,15.961,17.261,5,5,17.5,16.611,0.525,LEFT,1.3,1.3,OK,
GTX-A,3,6,0.35,0,0.35,15.661,1.3,16.011,17.311,4,4,16.1,16.661,0.875,RIGHT,1.3,1.3,OK,
GTX-A,3,6,0.35,0,0.35,15.661,1.3,16.011,17.311,5,5,17.5,16.661,0.525,LEFT,1.3,1.3,OK,
GTX-A,3,6,0.35,0.05,0.4,15.661,1.3,16.061,17.361,4,4,16.1,16.711,0.875,RIGHT,1.3,1.3,OK,
GTX-A,3,6,0.35,0.05,0.4,15.661,1.3,16.061,17.361,5,5,17.5,16.711,0.7,LEFT,1.3,1.3,OK,
GTX-A,3,6,0.35,0.1,0.45,15.661,1.3,16.111,17.411,4,4,16.1,16.761,0.7,RIGHT,1.3,1.3,OK,
GTX-A,3,6,0.35,0.1,0.45,15.661,1.3,16.111,17.411,5,5,17.5,16.761,0.7,LEFT,1.3,1.3,OK,
GTX-A,3,6,0.35,0.15,0.5,15.661,1.3,16.161,17.461,4,4,16.1,16.811,0.7,RIGHT,1.3,1.3,OK,
GTX-A,3,6,0.35,0.15,0.5,15.661,1.3,16.161,17.461,5,5,17.5,16.811,0.7,LEFT,1.3,1.3,OK,
GTX-A,3,6,0.35,0.2,0.55,15.661,1.3,16.211,17.511,4,4,16.1,16.861,0.7,RIGHT,1.3,1.3,OK,
GTX-A,3,6,0.35,0.2,0.55,15.661,1.3,16.211,17.511,5,5,17.5,16.861,0.875,LEFT,1.3,1.3,OK,
GTX-A,3,6,0.35,0.25,0.6,15.661,1.3,16.261,17.561,4,4,16.1,16.911,0.7,RIGHT,1.3,1.3,OK,
GTX-A,3,6,0.35,0.25,0.6,15.661,1.3,16.261,17.561,5,5,17.5,16.911,0.875,LEFT,1.3,1.3,OK,
GTX-A,3,6,0.35,0.3,0.65,15.661,1.3,16.311,17.611,4,4,16.1,16.961,0.525,RIGHT,1.3,1.3,OK,
GTX-A,3,6,0.35,0.3,0.65,15.661,1.3,16.311,17.611,5,5,17.5,16.961,0.875,LEFT,1.3,1.3,OK,
GTX-A,3,6,0.35,0.35,0.7,15.661,1.3,16.361,17.661,4,4,16.1,17.011,0.525,RIGHT,1.3,1.3,OK,
GTX-A,3,6,0.35,0.35,0.7,15.661,1.3,16.361,17.661,5,5,17.5,17.011,0.875,LEFT,1.3,1.3,OK,
GTX-A,3,5,0.525,-0.35,0.175,15.661,1.3,15.836,17.136,4,4,16.1,16.486,1.05,RIGHT,1.3,1.3,OK,
GTX-A,3,5,0.525,-0.35,0.175,15.661,1.3,15.836,17.136,5,5,17.5,16.486,0.35,LEFT,1.3,1.3,OK,
GTX-A,3,5,0.525,-0.3,0.225,15.661,1.3,15.886,17.186,4,4,16.1,16.536,1.05,RIGHT,1.3,1.3,OK,
GTX-A,3,5,0.525,-0.3,0.225,15.661,1.3,15.886,17.186,5,5,17.5,16.536,0.525,LEFT,1.3,1.3,OK,
GTX-A,3,5,0.525,-0.25,0.275,15.661,1.3,15.936,17.236,4,4,16.1,16.586,0.875,RIGHT,1.3,1.3,OK,
GTX-A,3,5,0.525,-0.25,0.275,15.661,1.3,15.936,17.236,5,5,17.5,16.586,0.525,LEFT,1.3,1.3,OK,
GTX-A,3,5,0.525,-0.2,0.325,15.661,1.3,15.986,17.286,4,4,16.1,16.636,0.875,RIGHT,1.3,1.3,OK,
GTX-A,3,5,0.525,-0.2,0.325,15.661,1.3,15.986,17.286,5,5,17.5,16.636,0.525,LEFT,1.3,1.3,OK,
GTX-A,3,5,0.525,-0.15,0.375,15.661,1.3,16.036,17.336,4,4,16.1,16.686,0.875,RIGHT,1.3,1.3,OK,
GTX-A,3,5,0.525,-0.15,0.375,15.661,1.3,16.036,17.336,5,5,17.5,16.686,0.7,LEFT,1.3,1.3,OK,
GTX-A,3,5,0.525,-0.1,0.425,15.661,1.3,16.086,17.386,4,4,16.1,16.736,0.875,RIGHT,1.3,1.3,OK,
GTX-A,3,5,0.525,-0.1,0.425,15.661,1.3,16.086,17.386,5,5,17.5,16.736,0.7,LEFT,1.3,1.3,OK,
GTX-A,3,5,0.525,-0.05,0.475,15.661,1.3,16.136,17.436,4,4,16.1,16.786,0.7,RIGHT,1.3,1.3,OK,
GTX-A,3,5,0.525,-0.05,0.475,15.661,1.3,16.136,17.436,5,5,17.5,16.786,0.7,LEFT,1.3,1.3,OK,
GTX-A,3,5,0.525,0,0.525,15.661,1.3,16.186,17.486,4,4,16.1,16.836,0.7,RIGHT,1.3,1.3,OK,
GTX-A,3,5,0.525,0,0.525,15.661,1.3,16.186,17.486,5,5,17.5,16.836,0.7,LEFT,1.3,1.3,OK,
GTX-A,3,5,0.525,0.05,0.575,15.661,1.3,16.236,17.536,4,4,16.1,16.886,0.7,RIGHT,1.3,1.3,OK,
GTX-A,3,5,0.525,0.05,0.575,15.661,1.3,16.236,17.536,5,5,17.5,16.886,0.875,LEFT,1.3,1.3,OK,
GTX-A,3,5,0.525,0.1,0.625,15.661,1.3,16.286,17.586,4,4,16.1,16.936,0.525,RIGHT,1.3,1.3,OK,
GTX-A,3,5,0.525,0.1,0.625,15.661,1.3,16.286,17.586,5,5,17.5,16.936,0.875,LEFT,1.3,1.3,OK,
GTX-A,3,5,0.525,0.15,0.675,15.661,1.3,16.336,17.636,4,4,16.1,16.986,0.525,RIGHT,1.3,1.3,OK,
GTX-A,3,5,0.525,0.15,0.675,15.661,1.3,16.336,17.636,5,5,17.5,16.986,0.875,LEFT,1.3,1.3,OK,
GTX-A,3,5,0.525,0.2,0.725,15.661,1.3,16.386,17.686,4,4,16.1,17.036,0.525,RIGHT,1.3,1.3,OK,
GTX-A,3,5,0.525,0.2,0.725,15.661,1.3,16.386,17.686,5,5,17.5,17.036,1.05,LEFT,1.3,1.3,OK,
GTX-A,3,5,0.525,0.25,0.775,15.661,1.3,16.436,17.736,4,4,16.1,17.086,0.525,RIGHT,1.3,1.3,OK,
GTX-A,3,5,0.525,0.25,0.775,15.661,1.3,16.436,17.736,5,5,17.5,17.086,1.05,LEFT,1.3,1.3,OK,
GTX-A,3,5,0.525,0.3,0.825,15.661,1.3,16.486,17.786,4,4,16.1,17.136,0.35,RIGHT,1.3,1.3,OK,
GTX-A,3,5,0.525,0.3,0.825,15.661,1.3,16.486,17.786,5,5,17.5,17.136,1.05,LEFT,1.3,1.3,OK,
GTX-A,3,5,0.525,0.35,0.875,15.661,1.3,16.536,17.836,4,4,16.1,17.186,0.35,RIGHT,1.3,1.3,OK,
GTX-A,3,5,0.525,0.35,0.875,15.661,1.3,16.536,17.836,5,5,17.5,17.186,1.05,LEFT,1.3,1.3,OK,
GTX-A,3,4,0.7,-0.35,0.35,15.661,1.3,16.011,17.311,4,4,16.1,16.661,0.875,RIGHT,1.3,1.3,OK,
GTX-A,3,4,0.7,-0.35,0.35,15.661,1.3,16.011,17.311,5,5,17.5,16.661,0.525,LEFT,1.3,1.3,OK,
GTX-A,3,4,0.7,-0.3,0.4,15.661,1.3,16.061,17.361,4,4,16.1,16.711,0.875,RIGHT,1.3,1.3,OK,
GTX-A,3,4,0.7,-0.3,0.4,15.661,1.3,16.061,17.361,5,5,17.5,16.711,0.7,LEFT,1.3,1.3,OK,
GTX-A,3,4,0.7,-0.25,0.45,15.661,1.3,16.111,17.411,4,4,16.1,16.761,0.7,RIGHT,1.3,1.3,OK,
GTX-A,3,4,0.7,-0.25,0.45,15.661,1.3,16.111,17.411,5,5,17.5,16.761,0.7,LEFT,1.3,1.3,OK,
GTX-A,3,4,0.7,-0.2,0.5,15.661,1.3,16.161,17.461,4,4,16.1,16.811,0.7,RIGHT,1.3,1.3,OK,
GTX-A,3,4,0.7,-0.2,0.5,15.661,1.3,16.161,17.461,5,5,17.5,16.811,0.7,LEFT,1.3,1.3,OK,
GTX-A,3,4,0.7,-0.15,0.55,15.661,1.3,16.211,17.511,4,4,16.1,16.861,0.7,RIGHT,1.3,1.3,OK,
GTX-A,3,4,0.7,-0.15,0.55,15.661,1.3,16.211,17.511,5,5,17.5,16.861,0.875,LEFT,1.3,1.3,OK,
GTX-A,3,4,0.7,-0.1,0.6,15.661,1.3,16.261,17.561,4,4,16.1,16.911,0.7,RIGHT,1.3,1.3,OK,
GTX-A,3,4,0.7,-0.1,0.6,15.661,1.3,16.261,17.561,5,5,17.5,16.911,0.875,LEFT,1.3,1.3,OK,
GTX-A,3,4,0.7,-0.05,0.65,15.661,1.3,16.311,17.611,4,4,16.1,16.961,0.525,RIGHT,1.3,1.3,OK,
GTX-A,3,4,0.7,-0.05,0.65,15.661,1.3,16.311,17.611,5,5,17.5,16.961,0.875,LEFT,1.3,1.3,OK,
GTX-A,3,4,0.7,0,0.7,15.661,1.3,16.361,17.661,4,4,16.1,17.011,0.525,RIGHT,1.3,1.3,OK,
GTX-A,3,4,0.7,0,0.7,15.661,1.3,16.361,17.661,5,5,17.5,17.011,0.875,LEFT,1.3,1.3,OK,
GTX-A,3,4,0.7,0.05,0.75,15.661,1.3,16.411,17.711,4,4,16.1,17.061,0.525,RIGHT,1.3,1.3,OK,
GTX-A,3,4,0.7,0.05,0.75,15.661,1.3,16.411,17.711,5,5,17.5,17.061,1.05,LEFT,1.3,1.3,OK,
GTX-A,3,4,0.7,0.1,0.8,15.661,1.3,16.461,17.761,4,4,16.1,17.111,0.35,RIGHT,1.3,1.3,OK,
GTX-A,3,4,0.7,0.1,0.8,15.661,1.3,16.461,17.761,5,5,17.5,17.111,1.05,LEFT,1.3,1.3,OK,
GTX-A,3,4,0.7,0.15,0.85,15.661,1.3,16.511,17.811,4,4,16.1,17.161,0.35,RIGHT,1.3,1.3,OK,
GTX-A,3,4,0.7,0.15,0.85,15.661,1.3,16.511,17.811,5,5,17.5,17.161,1.05,LEFT,1.3,1.3,OK,
GTX-A,3,4,0.7,0.2,0.9,15.661,1.3,16.561,17.861,4,4,16.1,17.211,0.35,RIGHT,1.3,1.3,OK,
GTX-A,3,4,0.7,0.2,0.9,15.661,1.3,16.561,17.861,5,5,17.5,17.211,1.225,LEFT,1.3,1.3,OK,
GTX-A,3,4,0.7,0.25,0.95,15.661,1.3,16.611,17.911,4,4,16.1,17.261,0.35,RIGHT,1.3,1.3,OK,
GTX-A,3,4,0.7,0.25,0.95,15.661,1.3,16.611,17.911,5,5,17.5,17.261,1.225,LEFT,1.3,1.3,OK,
GTX-A,3,4,0.7,0.3,1,15.661,1.3,16.661,17.961,4,4,16.1,17.311,0.175,RIGHT,1.3,1.3,OK,
GTX-A,3,4,0.7,0.3,1,15.661,1.3,16.661,17.961,5,5,17.5,17.311,1.225,LEFT,1.3,1.3,OK,
GTX-A,3,4,0.7,0.35,1.05,15.661,1.3,16.711,18.011,4,4,16.1,17.361,0.175,RIGHT,1.3,1.3,OK,
GTX-A,3,4,0.7,0.35,1.05,15.661,1.3,16.711,18.011,5,5,17.5,17.361,1.225,LEFT,1.3,1.3,OK,
GTX-A,3,3,0.875,-0.35,0.525,15.661,1.3,16.186,17.486,4,4,16.1,16.836,0.7,RIGHT,1.3,1.3,OK,
GTX-A,3,3,0.875,-0.35,0.525,15.661,1.3,16.186,17.486,5,5,17.5,16.836,0.7,LEFT,1.3,1.3,OK,
GTX-A,3,3,0.875,-0.3,0.575,15.661,1.3,16.236,17.536,4,4,16.1,16.886,0.7,RIGHT,1.3,1.3,OK,
GTX-A,3,3,0.875,-0.3,0.575,15.661,1.3,16.236,17.536,5,5,17.5,16.886,0.875,LEFT,1.3,1.3,OK,
GTX-A,3,3,0.875,-0.25,0.625,15.661,1.3,16.286,17.586,4,4,16.1,16.936,0.525,RIGHT,1.3,1.3,OK,
GTX-A,3,3,0.875,-0.25,0.625,15.661,1.3,16.286,17.586,5,5,17.5,16.936,0.875,LEFT,1.3,1.3,OK,
GTX-A,3,3,0.875,-0.2,0.675,15.661,1.3,16.336,17.636,4,4,16.1,16.986,0.525,RIGHT,1.3,1.3,OK,
GTX-A,3,3,0.875,-0.2,0.675,15.661,1.3,16.336,17.636,5,5,17.5,16.986,0.875,LEFT,1.3,1.3,OK,
GTX-A,3,3,0.875,-0.15,0.725,15.661,1.3,16.386,17.686,4,4,16.1,17.036,0.525,RIGHT,1.3,1.3,OK,
GTX-A,3,3,0.875,-0.15,0.725,15.661,1.3,16.386,17.686,5,5,17.5,17.036,1.05,LEFT,1.3,1.3,OK,
GTX-A,3,3,0.875,-0.1,0.775,15.661,1.3,16.436,17.736,4,4,16.1,17.086,0.525,RIGHT,1.3,1.3,OK,
GTX-A,3,3,0.875,-0.1,0.775,15.661,1.3,16.436,17.736,5,5,17.5,17.086,1.05,LEFT,1.3,1.3,OK,
GTX-A,3,3,0.875,-0.05,0.825,15.661,1.3,16.486,17.786,4,4,16.1,17.136,0.35,RIGHT,1.3,1.3,OK,
GTX-A,3,3,0.875,-0.05,0.825,15.661,1.3,16.486,17.786,5,5,17.5,17.136,1.05,LEFT,1.3,1.3,OK,
GTX-A,3,3,0.875,0,0.875,15.661,1.3,16.536,17.836,4,4,16.1,17.186,0.35,RIGHT,1.3,1.3,OK,
GTX-A,3,3,0.875,0,0.875,15.661,1.3,16.536,17.836,5,5,17.5,17.186,1.05,LEFT,1.3,1.3,OK,
GTX-A,3,3,0.875,0.05,0.925,15.661,1.3,16.586,17.886,4,4,16.1,17.236,0.35,RIGHT,1.3,1.3,OK,
GTX-A,3,3,0.875,0.05,0.925,15.661,1.3,16.586,17.886,5,5,17.5,17.236,1.225,LEFT,1.3,1.3,OK,
GTX-A,3,3,0.875,0.1,0.975,15.661,1.3,16.636,17.936,4,4,16.1,17.286,0.175,RIGHT,1.3,1.3,OK,
GTX-A,3,3,0.875,0.1,0.975,15.661,1.3,16.636,17.936,5,5,17.5,17.286,1.225,LEFT,1.3,1.3,OK,
GTX-A,3,3,0.875,0.15,1.025,15.661,1.3,16.686,17.986,4,4,16.1,17.336,0.175,RIGHT,1.3,1.3,OK,
GTX-A,3,3,0.875,0.15,1.025,15.661,1.3,16.686,17.986,5,5,17.5,17.336,1.225,LEFT,1.3,1.3,OK,
GTX-A,3,3,0.875,0.2,1.075,15.661,1.3,16.736,18.036,4,4,16.1,17.386,0.175,RIGHT,1.3,1.3,OK,
GTX-A,3,3,0.875,0.2,1.075,15.661,1.3,16.736,18.036,5,5,17.5,17.386,1.4,LEFT,1.3,1.3,OK,
GTX-A,3,3,0.875,0.25,1.125,15.661,1.3,16.786,18.086,4,4,16.1,17.436,0.175,RIGHT,1.3,1.3,OK,
GTX-A,3,3,0.875,0.25,1.125,15.661,1.3,16.786,18.086,5,5,17.5,17.436,1.4,LEFT,1.3,1.3,OK,
GTX-A,3,3,0.875,0.3,1.175,15.661,1.3,16.836,18.136,5,5,17.5,17.486,1.4,LEFT,1.3,1.3,OK,
GTX-A,3,3,0.875,0.35,1.225,15.661,1.3,16.886,18.186,5,5,17.5,17.536,1.4,RIGHT,1.3,1.3,OK,
GTX-A,3,2,1.05,-0.35,0.7,15.661,1.3,16.361,17.661,4,4,16.1,17.011,0.525,RIGHT,1.3,1.3,OK,
GTX-A,3,2,1.05,-0.35,0.7,15.661,1.3,16.361,17.661,5,5,17.5,17.011,0.875,LEFT,1.3,1.3,OK,
GTX-A,3,2,1.05,-0.3,0.75,15.661,1.3,16.411,17.711,4,4,16.1,17.061,0.525,RIGHT,1.3,1.3,OK,
GTX-A,3,2,1.05,-0.3,0.75,15.661,1.3,16.411,17.711,5,5,17.5,17.061,1.05,LEFT,1.3,1.3,OK,
GTX-A,3,2,1.05,-0.25,0.8,15.661,1.3,16.461,17.761,4,4,16.1,17.111,0.35,RIGHT,1.3,1.3,OK,
GTX-A,3,2,1.05,-0.25,0.8,15.661,1.3,16.461,17.761,5,5,17.5,17.111,1.05,LEFT,1.3,1.3,OK,
GTX-A,3,2,1.05,-0.2,0.85,15.661,1.3,16.511,17.811,4,4,16.1,17.161,0.35,RIGHT,1.3,1.3,OK,
GTX-A,3,2,1.05,-0.2,0.85,15.661,1.3,16.511,17.811,5,5,17.5,17.161,1.05,LEFT,1.3,1.3,OK,
GTX-A,3,2,1.05,-0.15,0.9,15.661,1.3,16.561,17.861,4,4,16.1,17.211,0.35,RIGHT,1.3,1.3,OK,
GTX-A,3,2,1.05,-0.15,0.9,15.661,1.3,16.561,17.861,5,5,17.5,17.211,1.225,LEFT,1.3,1.3,OK,
GTX-A,3,2,1.05,-0.1,0.95,15.661,1.3,16.611,17.911,4,4,16.1,17.261,0.35,RIGHT,1.3,1.3,OK,
GTX-A,3,2,1.05,-0.1,0.95,15.661,1.3,16.611,17.911,5,5,17.5,17.261,1.225,LEFT,1.3,1.3,OK,
GTX-A,3,2,1.05,-0.05,1,15.661,1.3,16.661,17.961,4,4,16.1,17.311,0.175,RIGHT,1.3,1.3,OK,
GTX-A,3,2,1.05,-0.05,1,15.661,1.3,16.661,17.961,5,5,17.5,17.311,1.225,LEFT,1.3,1.3,OK,
GTX-A,3,2,1.05,0,1.05,15.661,1.3,16.711,18.011,4,4,16.1,17.361,0.175,RIGHT,1.3,1.3,OK,
GTX-A,3,2,1.05,0,1.05,15.661,1.3,16.711,18.011,5,5,17.5,17.361,1.225,LEFT,1.3,1.3,OK,
GTX-A,3,2,1.05,0.05,1.1,15.661,1.3,16.761,18.061,4,4,16.1,17.411,0.175,RIGHT,1.3,1.3,OK,
GTX-A,3,2,1.05,0.05,1.1,15.661,1.3,16.761,18.061,5,5,17.5,17.411,1.4,LEFT,1.3,1.3,OK,
GTX-A,3,2,1.05,0.1,1.15,15.661,1.3,16.811,18.111,5,5,17.5,17.461,1.4,LEFT,1.3,1.3,OK,
GTX-A,3,2,1.05,0.15,1.2,15.661,1.3,16.861,18.161,5,5,17.5,17.511,1.4,RIGHT,1.3,1.3,OK,
GTX-A,3,2,1.05,0.2,1.25,15.661,1.3,16.911,18.211,5,5,17.5,17.561,1.4,RIGHT,1.3,1.3,OK,
GTX-A,3,2,1.05,0.2,1.25,15.661,1.3,16.911,18.211,6,6,18.9,17.561,0.175,LEFT,1.3,1.3,OK,
GTX-A,3,2,1.05,0.25,1.3,15.661,1.3,16.961,18.261,5,5,17.5,17.611,1.4,RIGHT,1.3,1.3,OK,
GTX-A,3,2,1.05,0.25,1.3,15.661,1.3,16.961,18.261,6,6,18.9,17.611,0.175,LEFT,1.3,1.3,OK,
GTX-A,3,2,1.05,0.3,1.35,15.661,1.3,17.011,18.311,5,5,17.5,17.661,1.225,RIGHT,1.3,1.3,OK,
GTX-A,3,2,1.05,0.3,1.35,15.661,1.3,17.011,18.311,6,6,18.9,17.661,0.175,LEFT,1.3,1.3,OK,
GTX-A,3,2,1.05,0.35,1.4,15.661,1.3,17.061,18.361,5,5,17.5,17.711,1.225,RIGHT,1.3,1.3,OK,
GTX-A,3,2,1.05,0.35,1.4,15.661,1.3,17.061,18.361,6,6,18.9,17.711,0.175,LEFT,1.3,1.3,OK,
GTX-A,3,1,1.225,-0.35,0.875,15.661,1.3,16.536,17.836,4,4,16.1,17.186,0.35,RIGHT,1.3,1.3,OK,
GTX-A,3,1,1.225,-0.35,0.875,15.661,1.3,16.536,17.836,5,5,17.5,17.186,1.05,LEFT,1.3,1.3,OK,
GTX-A,3,1,1.225,-0.3,0.925,15.661,1.3,16.586,17.886,4,4,16.1,17.236,0.35,RIGHT,1.3,1.3,OK,
GTX-A,3,1,1.225,-0.3,0.925,15.661,1.3,16.586,17.886,5,5,17.5,17.236,1.225,LEFT,1.3,1.3,OK,
GTX-A,3,1,1.225,-0.25,0.975,15.661,1.3,16.636,17.936,4,4,16.1,17.286,0.175,RIGHT,1.3,1.3,OK,
GTX-A,3,1,1.225,-0.25,0.975,15.661,1.3,16.636,17.936,5,5,17.5,17.286,1.225,LEFT,1.3,1.3,OK,
GTX-A,3,1,1.225,-0.2,1.025,15.661,1.3,16.686,17.986,4,4,16.1,17.336,0.175,RIGHT,1.3,1.3,OK,
GTX-A,3,1,1.225,-0.2,1.025,15.661,1.3,16.686,17.986,5,5,17.5,17.336,1.225,LEFT,1.3,1.3,OK,
GTX-A,3,1,1.225,-0.15,1.075,15.661,1.3,16.736,18.036,4,4,16.1,17.386,0.175,RIGHT,1.3,1.3,OK,
GTX-A,3,1,1.225,-0.15,1.075,15.661,1.3,16.736,18.036,5,5,17.5,17.386,1.4,LEFT,1.3,1.3,OK,
GTX-A,3,1,1.225,-0.1,1.125,15.661,1.3,16.786,18.086,4,4,16.1,17.436,0.175,RIGHT,1.3,1.3,OK,
GTX-A,3,1,1.225,-0.1,1.125,15.661,1.3,16.786,18.086,5,5,17.5,17.436,1.4,LEFT,1.3,1.3,OK,
GTX-A,3,1,1.225,-0.05,1.175,15.661,1.3,16.836,18.136,5,5,17.5,17.486,1.4,LEFT,1.3,1.3,OK,
GTX-A,3,1,1.225,0,1.225,15.661,1.3,16.886,18.186,5,5,17.5,17.536,1.4,RIGHT,1.3,1.3,OK,
GTX-A,3,1,1.225,0.05,1.275,15.661,1.3,16.936,18.236,5,5,17.5,17.586,1.4,RIGHT,1.3,1.3,OK,
GTX-A,3,1,1.225,0.05,1.275,15.661,1.3,16.936,18.236,6,6,18.9,17.586,0.175,LEFT,1.3,1.3,OK,
GTX-A,3,1,1.225,0.1,1.325,15.661,1.3,16.986,18.286,5,5,17.5,17.636,1.225,RIGHT,1.3,1.3,OK,
GTX-A,3,1,1.225,0.1,1.325,15.661,1.3,16.986,18.286,6,6,18.9,17.636,0.175,LEFT,1.3,1.3,OK,
GTX-A,3,1,1.225,0.15,1.375,15.661,1.3,17.036,18.336,5,5,17.5,17.686,1.225,RIGHT,1.3,1.3,OK,
GTX-A,3,1,1.225,0.15,1.375,15.661,1.3,17.036,18.336,6,6,18.9,17.686,0.175,LEFT,1.3,1.3,OK,
GTX-A,3,1,1.225,0.2,1.425,15.661,1.3,17.086,18.386,5,5,17.5,17.736,1.225,RIGHT,1.3,1.3,OK,
GTX-A,3,1,1.225,0.2,1.425,15.661,1.3,17.086,18.386,6,6,18.9,17.736,0.35,LEFT,1.3,1.3,OK,
GTX-A,3,1,1.225,0.25,1.475,15.661,1.3,17.136,18.436,5,5,17.5,17.786,1.225,RIGHT,1.3,1.3,OK,
GTX-A,3,1,1.225,0.25,1.475,15.661,1.3,17.136,18.436,6,6,18.9,17.786,0.35,LEFT,1.3,1.3,OK,
GTX-A,3,1,1.225,0.3,1.525,15.661,1.3,17.186,18.486,5,5,17.5,17.836,1.05,RIGHT,1.3,1.3,OK,
GTX-A,3,1,1.225,0.3,1.525,15.661,1.3,17.186,18.486,6,6,18.9,17.836,0.35,LEFT,1.3,1.3,OK,
GTX-A,3,1,1.225,0.35,1.575,15.661,1.3,17.236,18.536,5,5,17.5,17.886,1.05,RIGHT,1.3,1.3,OK,
GTX-A,3,1,1.225,0.35,1.575,15.661,1.3,17.236,18.536,6,6,18.9,17.886,0.35,LEFT,1.3,1.3,OK,
지하철,1,8,0,-0.35,-0.35,2.15,1.3,1.8,3.1,1,1,2.1,2.45,1.05,RIGHT,1.3,1.3,OK,
지하철,1,8,0,-0.35,-0.35,2.15,1.3,1.8,3.1,2,2,3.5,2.45,0.35,LEFT,1.3,1.3,OK,
지하철,1,8,0,-0.3,-0.3,2.15,1.3,1.85,3.15,1,1,2.1,2.5,1.05,RIGHT,1.3,1.3,OK,
지하철,1,8,0,-0.3,-0.3,2.15,1.3,1.85,3.15,2,2,3.5,2.5,0.35,LEFT,1.3,1.3,OK,
지하철,1,8,0,-0.25,-0.25,2.15,1.3,1.9,3.2,1,1,2.1,2.55,1.05,RIGHT,1.3,1.3,OK,
지하철,1,8,0,-0.25,-0.25,2.15,1.3,1.9,3.2,2,2,3.5,2.55,0.525,LEFT,1.3,1.3,OK,
지하철,1,8,0,-0.2,-0.2,2.15,1.3,1.95,3.25,1,1,2.1,2.6,0.875,RIGHT,1.3,1.3,OK,
지하철,1,8,0,-0.2,-0.2,2.15,1.3,1.95,3.25,2,2,3.5,2.6,0.525,LEFT,1.3,1.3,OK,
지하철,1,8,0,-0.15,-0.15,2.15,1.3,2,3.3,1,1,2.1,2.65,0.875,RIGHT,1.3,1.3,OK,
지하철,1,8,0,-0.15,-0.15,2.15,1.3,2,3.3,2,2,3.5,2.65,0.525,LEFT,1.3,1.3,OK,
지하철,1,8,0,-0.1,-0.1,2.15,1.3,2.05,3.35,1,1,2.1,2.7,0.875,RIGHT,1.3,1.3,OK,
지하철,1,8,0,-0.1,-0.1,2.15,1.3,2.05,3.35,2,2,3.5,2.7,0.7,LEFT,1.3,1.3,OK,
지하철,1,8,0,-0.05,-0.05,2.15,1.3,2.1,3.4,1,1,2.1,2.75,0.7,RIGHT,1.3,1.3,OK,
지하철,1,8,0,-0.05,-0.05,2.15,1.3,2.1,3.4,2,2,3.5,2.75,0.7,LEFT,1.3,1.3,OK,
지하철,1,8,0,0,0,2.15,1.3,2.15,3.45,1,1,2.1,2.8,0.7,RIGHT,1.3,1.3,OK,
지하철,1,8,0,0,0,2.15,1.3,2.15,3.45,2,2,3.5,2.8,0.7,LEFT,1.3,1.3,OK,
지하철,1,8,0,0.05,0.05,2.15,1.3,2.2,3.5,1,1,2.1,2.85,0.7,RIGHT,1.3,1.3,OK,
지하철,1,8,0,0.05,0.05,2.15,1.3,2.2,3.5,2,2,3.5,2.85,0.7,LEFT,1.3,1.3,OK,
지하철,1,8,0,0.1,0.1,2.15,1.3,2.25,3.55,1,1,2.1,2.9,0.7,RIGHT,1.3,1.3,OK,
지하철,1,8,0,0.1,0.1,2.15,1.3,2.25,3.55,2,2,3.5,2.9,0.875,LEFT,1.3,1.3,OK,
지하철,1,8,0,0.15,0.15,2.15,1.3,2.3,3.6,1,1,2.1,2.95,0.525,RIGHT,1.3,1.3,OK,
지하철,1,8,0,0.15,0.15,2.15,1.3,2.3,3.6,2,2,3.5,2.95,0.875,LEFT,1.3,1.3,OK,
지하철,1,8,0,0.2,0.2,2.15,1.3,2.35,3.65,1,1,2.1,3,0.525,RIGHT,1.3,1.3,OK,
지하철,1,8,0,0.2,0.2,2.15,1.3,2.35,3.65,2,2,3.5,3,0.875,LEFT,1.3,1.3,OK,
지하철,1,8,0,0.25,0.25,2.15,1.3,2.4,3.7,1,1,2.1,3.05,0.525,RIGHT,1.3,1.3,OK,
지하철,1,8,0,0.25,0.25,2.15,1.3,2.4,3.7,2,2,3.5,3.05,1.05,LEFT,1.3,1.3,OK,
지하철,1,8,0,0.3,0.3,2.15,1.3,2.45,3.75,1,1,2.1,3.1,0.35,RIGHT,1.3,1.3,OK,
지하철,1,8,0,0.3,0.3,2.15,1.3,2.45,3.75,2,2,3.5,3.1,1.05,LEFT,1.3,1.3,OK,
지하철,1,8,0,0.35,0.35,2.15,1.3,2.5,3.8,1,1,2.1,3.15,0.35,RIGHT,1.3,1.3,OK,
지하철,1,8,0,0.35,0.35,2.15,1.3,2.5,3.8,2,2,3.5,3.15,1.05,LEFT,1.3,1.3,OK,
지하철,1,7,0.175,-0.35,-0.175,2.15,1.3,1.975,3.275,1,1,2.1,2.625,0.875,RIGHT,1.3,1.3,OK,
지하철,1,7,0.175,-0.35,-0.175,2.15,1.3,1.975,3.275,2,2,3.5,2.625,0.525,LEFT,1.3,1.3,OK,
지하철,1,7,0.175,-0.3,-0.125,2.15,1.3,2.025,3.325,1,1,2.1,2.675,0.875,RIGHT,1.3,1.3,OK,
지하철,1,7,0.175,-0.3,-0.125,2.15,1.3,2.025,3.325,2,2,3.5,2.675,0.525,LEFT,1.3,1.3,OK,
지하철,1,7,0.175,-0.25,-0.075,2.15,1.3,2.075,3.375,1,1,2.1,2.725,0.875,RIGHT,1.3,1.3,OK,
지하철,1,7,0.175,-0.25,-0.075,2.15,1.3,2.075,3.375,2,2,3.5,2.725,0.7,LEFT,1.3,1.3,OK,
지하철,1,7,0.175,-0.2,-0.025,2.15,1.3,2.125,3.425,1,1,2.1,2.775,0.7,RIGHT,1.3,1.3,OK,
지하철,1,7,0.175,-0.2,-0.025,2.15,1.3,2.125,3.425,2,2,3.5,2.775,0.7,LEFT,1.3,1.3,OK,
지하철,1,7,0.175,-0.15,0.025,2.15,1.3,2.175,3.475,1,1,2.1,2.825,0.7,RIGHT,1.3,1.3,OK,
지하철,1,7,0.175,-0.15,0.025,2.15,1.3,2.175,3.475,2,2,3.5,2.825,0.7,LEFT,1.3,1.3,OK,
지하철,1,7,0.175,-0.1,0.075,2.15,1.3,2.225,3.525,1,1,2.1,2.875,0.7,RIGHT,1.3,1.3,OK,
지하철,1,7,0.175,-0.1,0.075,2.15,1.3,2.225,3.525,2,2,3.5,2.875,0.875,LEFT,1.3,1.3,OK,
지하철,1,7,0.175,-0.05,0.125,2.15,1.3,2.275,3.575,1,1,2.1,2.925,0.525,RIGHT,1.3,1.3,OK,
지하철,1,7,0.175,-0.05,0.125,2.15,1.3,2.275,3.575,2,2,3.5,2.925,0.875,LEFT,1.3,1.3,OK,
지하철,1,7,0.175,0,0.175,2.15,1.3,2.325,3.625,1,1,2.1,2.975,0.525,RIGHT,1.3,1.3,OK,
지하철,1,7,0.175,0,0.175,2.15,1.3,2.325,3.625,2,2,3.5,2.975,0.875,LEFT,1.3,1.3,OK,
지하철,1,7,0.175,0.05,0.225,2.15,1.3,2.375,3.675,1,1,2.1,3.025,0.525,RIGHT,1.3,1.3,OK,
지하철,1,7,0.175,0.05,0.225,2.15,1.3,2.375,3.675,2,2,3.5,3.025,0.875,LEFT,1.3,1.3,OK,
지하철,1,7,0.175,0.1,0.275,2.15,1.3,2.425,3.725,1,1,2.1,3.075,0.525,RIGHT,1.3,1.3,OK,
지하철,1,7,0.175,0.1,0.275,2.15,1.3,2.425,3.725,2,2,3.5,3.075,1.05,LEFT,1.3,1.3,OK,
지하철,1,7,0.175,0.15,0.325,2.15,1.3,2.475,3.775,1,1,2.1,3.125,0.35,RIGHT,1.3,1.3,OK,
지하철,1,7,0.175,0.15,0.325,2.15,1.3,2.475,3.775,2,2,3.5,3.125,1.05,LEFT,1.3,1.3,OK,
지하철,1,7,0.175,0.2,0.375,2.15,1.3,2.525,3.825,1,1,2.1,3.175,0.35,RIGHT,1.3,1.3,OK,
지하철,1,7,0.175,0.2,0.375,2.15,1.3,2.525,3.825,2,2,3.5,3.175,1.05,LEFT,1.3,1.3,OK,
지하철,1,7,0.175,0.25,0.425,2.15,1.3,2.575,3.875,1,1,2.1,3.225,0.35,RIGHT,1.3,1.3,OK,
지하철,1,7,0.175,0.25,0.425,2.15,1.3,2.575,3.875,2,2,3.5,3.225,1.225,LEFT,1.3,1.3,OK,
지하철,1,7,0.175,0.3,0.475,2.15,1.3,2.625,3.925,1,1,2.1,3.275,0.175,RIGHT,1.3,1.3,OK,
지하철,1,7,0.175,0.3,0.475,2.15,1.3,2.625,3.925,2,2,3.5,3.275,1.225,LEFT,1.3,1.3,OK,
지하철,1,7,0.175,0.35,0.525,2.15,1.3,2.675,3.975,1,1,2.1,3.325,0.175,RIGHT,1.3,1.3,OK,
지하철,1,7,0.175,0.35,0.525,2.15,1.3,2.675,3.975,2,2,3.5,3.325,1.225,LEFT,1.3,1.3,OK,
지하철,1,6,0.35,-0.35,0,2.15,1.3,2.15,3.45,1,1,2.1,2.8,0.7,RIGHT,1.3,1.3,OK,
지하철,1,6,0.35,-0.35,0,2.15,1.3,2.15,3.45,2,2,3.5,2.8,0.7,LEFT,1.3,1.3,OK,
지하철,1,6,0.35,-0.3,0.05,2.15,1.3,2.2,3.5,1,1,2.1,2.85,0.7,RIGHT,1.3,1.3,OK,
지하철,1,6,0.35,-0.3,0.05,2.15,1.3,2.2,3.5,2,2,3.5,2.85,0.7,LEFT,1.3,1.3,OK,
지하철,1,6,0.35,-0.25,0.1,2.15,1.3,2.25,3.55,1,1,2.1,2.9,0.7,RIGHT,1.3,1.3,OK,
지하철,1,6,0.35,-0.25,0.1,2.15,1.3,2.25,3.55,2,2,3.5,2.9,0.875,LEFT,1.3,1.3,OK,
지하철,1,6,0.35,-0.2,0.15,2.15,1.3,2.3,3.6,1,1,2.1,2.95,0.525,RIGHT,1.3,1.3,OK,
지하철,1,6,0.35,-0.2,0.15,2.15,1.3,2.3,3.6,2,2,3.5,2.95,0.875,LEFT,1.3,1.3,OK,
지하철,1,6,0.35,-0.15,0.2,2.15,1.3,2.35,3.65,1,1,2.1,3,0.525,RIGHT,1.3,1.3,OK,
지하철,1,6,0.35,-0.15,0.2,2.15,1.3,2.35,3.65,2,2,3.5,3,0.875,LEFT,1.3,1.3,OK,
지하철,1,6,0.35,-0.1,0.25,2.15,1.3,2.4,3.7,1,1,2.1,3.05,0.525,RIGHT,1.3,1.3,OK,
지하철,1,6,0.35,-0.1,0.25,2.15,1.3,2.4,3.7,2,2,3.5,3.05,1.05,LEFT,1.3,1.3,OK,
지하철,1,6,0.35,-0.05,0.3,2.15,1.3,2.45,3.75,1,1,2.1,3.1,0.35,RIGHT,1.3,1.3,OK,
지하철,1,6,0.35,-0.05,0.3,2.15,1.3,2.45,3.75,2,2,3.5,3.1,1.05,LEFT,1.3,1.3,OK,
지하철,1,6,0.35,0,0.35,2.15,1.3,2.5,3.8,1,1,2.1,3.15,0.35,RIGHT,1.3,1.3,OK,
지하철,1,6,0.35,0,0.35,2.15,1.3,2.5,3.8,2,2,3.5,3.15,1.05,LEFT,1.3,1.3,OK,
지하철,1,6,0.35,0.05,0.4,2.15,1.3,2.55,3.85,1,1,2.1,3.2,0.35,RIGHT,1.3,1.3,OK,
지하철,1,6,0.35,0.05,0.4,2.15,1.3,2.55,3.85,2,2,3.5,3.2,1.05,LEFT,1.3,1.3,OK,
지하철,1,6,0.35,0.1,0.45,2.15,1.3,2.6,3.9,1,1,2.1,3.25,0.35,RIGHT,1.3,1.3,OK,
지하철,1,6,0.35,0.1,0.45,2.15,1.3,2.6,3.9,2,2,3.5,3.25,1.225,LEFT,1.3,1.3,OK,
지하철,1,6,0.35,0.15,0.5,2.15,1.3,2.65,3.95,1,1,2.1,3.3,0.175,RIGHT,1.3,1.3,OK,
지하철,1,6,0.35,0.15,0.5,2.15,1.3,2.65,3.95,2,2,3.5,3.3,1.225,LEFT,1.3,1.3,OK,
지하철,1,6,0.35,0.2,0.55,2.15,1.3,2.7,4,1,1,2.1,3.35,0.175,RIGHT,1.3,1.3,OK,
지하철,1,6,0.35,0.2,0.55,2.15,1.3,2.7,4,2,2,3.5,3.35,1.225,LEFT,1.3,1.3,OK,
지하철,1,6,0.35,0.25,0.6,2.15,1.3,2.75,4.05,1,1,2.1,3.4,0.175,RIGHT,1.3,1.3,OK,
지하철,1,6,0.35,0.25,0.6,2.15,1.3,2.75,4.05,2,2,3.5,3.4,1.4,LEFT,1.3,1.3,OK,
지하철,1,6,0.35,0.3,0.65,2.15,1.3,2.8,4.1,2,2,3.5,3.45,1.4,LEFT,1.3,1.3,OK,
지하철,1,6,0.35,0.35,0.7,2.15,1.3,2.85,4.15,2,2,3.5,3.5,1.4,RIGHT,1.3,1.3,OK,
지하철,1,5,0.525,-0.35,0.175,2.15,1.3,2.325,3.625,1,1,2.1,2.975,0.525,RIGHT,1.3,1.3,OK,
지하철,1,5,0.525,-0.35,0.175,2.15,1.3,2.325,3.625,2,2,3.5,2.975,0.875,LEFT,1.3,1.3,OK,
지하철,1,5,0.525,-0.3,0.225,2.15,1.3,2.375,3.675,1,1,2.1,3.025,0.525,RIGHT,1.3,1.3,OK,
지하철,1,5,0.525,-0.3,0.225,2.15,1.3,2.375,3.675,2,2,3.5,3.025,0.875,LEFT,1.3,1.3,OK,
지하철,1,5,0.525,-0.25,0.275,2.15,1.3,2.425,3.725,1,1,2.1,3.075,0.525,RIGHT,1.3,1.3,OK,
지하철,1,5,0.525,-0.25,0.275,2.15,1.3,2.425,3.725,2,2,3.5,3.075,1.05,LEFT,1.3,1.3,OK,
지하철,1,5,0.525,-0.2,0.325,2.15,1.3,2.475,3.775,1,1,2.1,3.125,0.35,RIGHT,1.3,1.3,OK,
지하철,1,5,0.525,-0.2,0.325,2.15,1.3,2.475,3.775,2,2,3.5,3.125,1.05,LEFT,1.3,1.3,OK,
지하철,1,5,0.525,-0.15,0.375,2.15,1.3,2.525,3.825,1,1,2.1,3.175,0.35,RIGHT,1.3,1.3,OK,
지하철,1,5,0.525,-0.15,0.375,2.15,1.3,2.525,3.825,2,2,3.5,3.175,1.05,LEFT,1.3,1.3,OK,
지하철,1,5,0.525,-0.1,0.425,2.15,1.3,2.575,3.875,1,1,2.1,3.225,0.35,RIGHT,1.3,1.3,OK,
지하철,1,5,0.525,-0.1,0.425,2.15,1.3,2.575,3.875,2,2,3.5,3.225,1.225,LEFT,1.3,1.3,OK,
지하철,1,5,0.525,-0.05,0.475,2.15,1.3,2.625,3.925,1,1,2.1,3.275,0.175,RIGHT,1.3,1.3,OK,
지하철,1,5,0.525,-0.05,0.475,2.15,1.3,2.625,3.925,2,2,3.5,3.275,1.225,LEFT,1.3,1.3,OK,
지하철,1,5,0.525,0,0.525,2.15,1.3,2.675,3.975,1,1,2.1,3.325,0.175,RIGHT,1.3,1.3,OK,
지하철,1,5,0.525,0,0.525,2.15,1.3,2.675,3.975,2,2,3.5,3.325,1.225,LEFT,1.3,1.3,OK,
지하철,1,5,0.525,0.05,0.575,2.15,1.3,2.725,4.025,1,1,2.1,3.375,0.175,RIGHT,1.3,1.3,OK,
지하철,1,5,0.525,0.05,0.575,2.15,1.3,2.725,4.025,2,2,3.5,3.375,1.225,LEFT,1.3,1.3,OK,
지하철,1,5,0.525,0.1,0.625,2.15,1.3,2.775,4.075,1,1,2.1,3.425,0.175,RIGHT,1.3,1.3,OK,
지하철,1,5,0.525,0.1,0.625,2.15,1.3,2.775,4.075,2,2,3.5,3.425,1.4,LEFT,1.3,1.3,OK,
지하철,1,5,0.525,0.15,0.675,2.15,1.3,2.825,4.125,2,2,3.5,3.475,1.4,LEFT,1.3,1.3,OK,
지하철,1,5,0.525,0.2,0.725,2.15,1.3,2.875,4.175,2,2,3.5,3.525,1.4,RIGHT,1.3,1.3,OK,
지하철,1,5,0.525,0.25,0.775,2.15,1.3,2.925,4.225,2,2,3.5,3.575,1.4,RIGHT,1.3,1.3,OK,
지하철,1,5,0.525,0.25,0.775,2.15,1.3,2.925,4.225,3,3,4.9,3.575,0.175,LEFT,1.3,1.3,OK,
지하철,1,5,0.525,0.3,0.825,2.15,1.3,2.975,4.275,2,2,3.5,3.625,1.225,RIGHT,1.3,1.3,OK,
지하철,1,5,0.525,0.3,0.825,2.15,1.3,2.975,4.275,3,3,4.9,3.625,0.175,LEFT,1.3,1.3,OK,
지하철,1,5,0.525,0.35,0.875,2.15,1.3,3.025,4.325,2,2,3.5,3.675,1.225,RIGHT,1.3,1.3,OK,
지하철,1,5,0.525,0.35,0.875,2.15,1.3,3.025,4.325,3,3,4.9,3.675,0.175,LEFT,1.3,1.3,OK,
지하철,1,4,0.7,-0.35,0.35,2.15,1.3,2.5,3.8,1,1,2.1,3.15,0.35,RIGHT,1.3,1.3,OK,
지하철,1,4,0.7,-0.35,0.35,2.15,1.3,2.5,3.8,2,2,3.5,3.15,1.05,LEFT,1.3,1.3,OK,
지하철,1,4,0.7,-0.3,0.4,2.15,1.3,2.55,3.85,1,1,2.1,3.2,0.35,RIGHT,1.3,1.3,OK,
지하철,1,4,0.7,-0.3,0.4,2.15,1.3,2.55,3.85,2,2,3.5,3.2,1.05,LEFT,1.3,1.3,OK,
지하철,1,4,0.7,-0.25,0.45,2.15,1.3,2.6,3.9,1,1,2.1,3.25,0.35,RIGHT,1.3,1.3,OK,
지하철,1,4,0.7,-0.25,0.45,2.15,1.3,2.6,3.9,2,2,3.5,3.25,1.225,LEFT,1.3,1.3,OK,
지하철,1,4,0.7,-0.2,0.5,2.15,1.3,2.65,3.95,1,1,2.1,3.3,0.175,RIGHT,1.3,1.3,OK,
지하철,1,4,0.7,-0.2,0.5,2.15,1.3,2.65,3.95,2,2,3.5,3.3,1.225,LEFT,1.3,1.3,OK,
지하철,1,4,0.7,-0.15,0.55,2.15,1.3,2.7,4,1,1,2.1,3.35,0.175,RIGHT,1.3,1.3,OK,
지하철,1,4,0.7,-0.15,0.55,2.15,1.3,2.7,4,2,2,3.5,3.35,1.225,LEFT,1.3,1.3,OK,
지하철,1,4,0.7,-0.1,0.6,2.15,1.3,2.75,4.05,1,1,2.1,3.4,0.175,RIGHT,1.3,1.3,OK,
지하철,1,4,0.7,-0.1,0.6,2.15,1.3,2.75,4.05,2,2,3.5,3.4,1.4,LEFT,1.3,1.3,OK,
지하철,1,4,0.7,-0.05,0.65,2.15,1.3,2.8,4.1,2,2,3.5,3.45,1.4,LEFT,1.3,1.3,OK,
지하철,1,4,0.7,0,0.7,2.15,1.3,2.85,4.15,2,2,3.5,3.5,1.4,RIGHT,1.3,1.3,OK,
지하철,1,4,0.7,0.05,0.75,2.15,1.3,2.9,4.2,2,2,3.5,3.55,1.4,RIGHT,1.3,1.3,OK,
지하철,1,4,0.7,0.1,0.8,2.15,1.3,2.95,4.25,2,2,3.5,3.6,1.4,RIGHT,1.3,1.3,OK,
지하철,1,4,0.7,0.1,0.8,2.15,1.3,2.95,4.25,3,3,4.9,3.6,0.175,LEFT,1.3,1.3,OK,
지하철,1,4,0.7,0.15,0.85,2.15,1.3,3,4.3,2,2,3.5,3.65,1.225,RIGHT,1.3,1.3,OK,
지하철,1,4,0.7,0.15,0.85,2.15,1.3,3,4.3,3,3,4.9,3.65,0.175,LEFT,1.3,1.3,OK,
지하철,1,4,0.7,0.2,0.9,2.15,1.3,3.05,4.35,2,2,3.5,3.7,1.225,RIGHT,1.3,1.3,OK,
지하철,1,4,0.7,0.2,0.9,2.15,1.3,3.05,4.35,3,3,4.9,3.7,0.175,LEFT,1.3,1.3,OK,
지하철,1,4,0.7,0.25,0.95,2.15,1.3,3.1,4.4,2,2,3.5,3.75,1.225,RIGHT,1.3,1.3,OK,
지하철,1,4,0.7,0.25,0.95,2.15,1.3,3.1,4.4,3,3,4.9,3.75,0.35,LEFT,1.3,1.3,OK,
지하철,1,4,0.7,0.3,1,2.15,1.3,3.15,4.45,2,2,3.5,3.8,1.05,RIGHT,1.3,1.3,OK,
지하철,1,4,0.7,0.3,1,2.15,1.3,3.15,4.45,3,3,4.9,3.8,0.35,LEFT,1.3,1.3,OK,
지하철,1,4,0.7,0.35,1.05,2.15,1.3,3.2,4.5,2,2,3.5,3.85,1.05,RIGHT,1.3,1.3,OK,
지하철,1,4,0.7,0.35,1.05,2.15,1.3,3.2,4.5,3,3,4.9,3.85,0.35,LEFT,1.3,1.3,OK,
지하철,1,3,0.875,-0.35,0.525,2.15,1.3,2.675,3.975,1,1,2.1,3.325,0.175,RIGHT,1.3,1.3,OK,
지하철,1,3,0.875,-0.35,0.525,2.15,1.3,2.675,3.975,2,2,3.5,3.325,1.225,LEFT,1.3,1.3,OK,
지하철,1,3,0.875,-0.3,0.575,2.15,1.3,2.725,4.025,1,1,2.1,3.375,0.175,RIGHT,1.3,1.3,OK,
지하철,1,3,0.875,-0.3,0.575,2.15,1.3,2.725,4.025,2,2,3.5,3.375,1.225,LEFT,1.3,1.3,OK,
지하철,1,3,0.875,-0.25,0.625,2.15,1.3,2.775,4.075,1,1,2.1,3.425,0.175,RIGHT,1.3,1.3,OK,
지하철,1,3,0.875,-0.25,0.625,2.15,1.3,2.775,4.075,2,2,3.5,3.425,1.4,LEFT,1.3,1.3,OK,
지하철,1,3,0.875,-0.2,0.675,2.15,1.3,2.825,4.125,2,2,3.5,3.475,1.4,LEFT,1.3,1.3,OK,
지하철,1,3,0.875,-0.15,0.725,2.15,1.3,2.875,4.175,2,2,3.5,3.525,1.4,RIGHT,1.3,1.3,OK,
지하철,1,3,0.875,-0.1,0.775,2.15,1.3,2.925,4.225,2,2,3.5,3.575,1.4,RIGHT,1.3,1.3,OK,
지하철,1,3,0.875,-0.1,0.775,2.15,1.3,2.925,4.225,3,3,4.9,3.575,0.175,LEFT,1.3,1.3,OK,
지하철,1,3,0.875,-0.05,0.825,2.15,1.3,2.975,4.275,2,2,3.5,3.625,1.225,RIGHT,1.3,1.3,OK,
지하철,1,3,0.875,-0.05,0.825,2.15,1.3,2.975,4.275,3,3,4.9,3.625,0.175,LEFT,1.3,1.3,OK,
지하철,1,3,0.875,0,0.875,2.15,1.3,3.025,4.325,2,2,3.5,3.675,1.225,RIGHT,1.3,1.3,OK,
지하철,1,3,0.875,0,0.875,2.15,1.3,3.025,4.325,3,3,4.9,3.675,0.175,LEFT,1.3,1.3,OK,
지하철,1,3,0.875,0.05,0.925,2.15,1.3,3.075,4.375,2,2,3.5,3.725,1.225,RIGHT,1.3,1.3,OK,
지하철,1,3,0.875,0.05,0.925,2.15,1.3,3.075,4.375,3,3,4.9,3.725,0.175,LEFT,1.3,1.3,OK,
지하철,1,3,0.875,0.1,0.975,2.15,1.3,3.125,4.425,2,2,3.5,3.775,1.225,RIGHT,1.3,1.3,OK,
지하철,1,3,0.875,0.1,0.975,2.15,1.3,3.125,4.425,3,3,4.9,3.775,0.35,LEFT,1.3,1.3,OK,
지하철,1,3,0.875,0.15,1.025,2.15,1.3,3.175,4.475,2,2,3.5,3.825,1.05,RIGHT,1.3,1.3,OK,
지하철,1,3,0.875,0.15,1.025,2.15,1.3,3.175,4.475,3,3,4.9,3.825,0.35,LEFT,1.3,1.3,OK,
지하철,1,3,0.875,0.2,1.075,2.15,1.3,3.225,4.525,2,2,3.5,3.875,1.05,RIGHT,1.3,1.3,OK,
지하철,1,3,0.875,0.2,1.075,2.15,1.3,3.225,4.525,3,3,4.9,3.875,0.35,LEFT,1.3,1.3,OK,
지하철,1,3,0.875,0.25,1.125,2.15,1.3,3.275,4.575,2,2,3.5,3.925,1.05,RIGHT,1.3,1.3,OK,
지하철,1,3,0.875,0.25,1.125,2.15,1.3,3.275,4.575,3,3,4.9,3.925,0.525,LEFT,1.3,1.3,OK,
지하철,1,3,0.875,0.3,1.175,2.15,1.3,3.325,4.625,2,2,3.5,3.975,0.875,RIGHT,1.3,1.3,OK,
지하철,1,3,0.875,0.3,1.175,2.15,1.3,3.325,4.625,3,3,4.9,3.975,0.525,LEFT,1.3,1.3,OK,
지하철,1,3,0.875,0.35,1.225,2.15,1.3,3.375,4.675,2,2,3.5,4.025,0.875,RIGHT,1.3,1.3,OK,
지하철,1,3,0.875,0.35,1.225,2.15,1.3,3.375,4.675,3,3,4.9,4.025,0.525,LEFT,1.3,1.3,OK,
지하철,1,2,1.05,-0.35,0.7,2.15,1.3,2.85,4.15,2,2,3.5,3.5,1.4,RIGHT,1.3,1.3,OK,
지하철,1,2,1.05,-0.3,0.75,2.15,1.3,2.9,4.2,2,2,3.5,3.55,1.4,RIGHT,1.3,1.3,OK,
지하철,1,2,1.05,-0.25,0.8,2.15,1.3,2.95,4.25,2,2,3.5,3.6,1.4,RIGHT,1.3,1.3,OK,
지하철,1,2,1.05,-0.25,0.8,2.15,1.3,2.95,4.25,3,3,4.9,3.6,0.175,LEFT,1.3,1.3,OK,
지하철,1,2,1.05,-0.2,0.85,2.15,1.3,3,4.3,2,2,3.5,3.65,1.225,RIGHT,1.3,1.3,OK,
지하철,1,2,1.05,-0.2,0.85,2.15,1.3,3,4.3,3,3,4.9,3.65,0.175,LEFT,1.3,1.3,OK,
지하철,1,2,1.05,-0.15,0.9,2.15,1.3,3.05,4.35,2,2,3.5,3.7,1.225,RIGHT,1.3,1.3,OK,
지하철,1,2,1.05,-0.15,0.9,2.15,1.3,3.05,4.35,3,3,4.9,3.7,0.175,LEFT,1.3,1.3,OK,
지하철,1,2,1.05,-0.1,0.95,2.15,1.3,3.1,4.4,2,2,3.5,3.75,1.225,RIGHT,1.3,1.3,OK,
지하철,1,2,1.05,-0.1,0.95,2.15,1.3,3.1,4.4,3,3,4.9,3.75,0.35,LEFT,1.3,1.3,OK,
지하철,1,2,1.05,-0.05,1,2.15,1.3,3.15,4.45,2,2,3.5,3.8,1.05,RIGHT,1.3,1.3,OK,
지하철,1,2,1.05,-0.05,1,2.15,1.3,3.15,4.45,3,3,4.9,3.8,0.35,LEFT,1.3,1.3,OK,
지하철,1,2,1.05,0,1.05,2.15,1.3,3.2,4.5,2,2,3.5,3.85,1.05,RIGHT,1.3,1.3,OK,
지하철,1,2,1.05,0,1.05,2.15,1.3,3.2,4.5,3,3,4.9,3.85,0.35,LEFT,1.3,1.3,OK,
지하철,1,2,1.05,0.05,1.1,2.15,1.3,3.25,4.55,2,2,3.5,3.9,1.05,RIGHT,1.3,1.3,OK,
지하철,1,2,1.05,0.05,1.1,2.15,1.3,3.25,4.55,3,3,4.9,3.9,0.35,LEFT,1.3,1.3,OK,
지하철,1,2,1.05,0.1,1.15,2.15,1.3,3.3,4.6,2,2,3.5,3.95,1.05,RIGHT,1.3,1.3,OK,
지하철,1,2,1.05,0.1,1.15,2.15,1.3,3.3,4.6,3,3,4.9,3.95,0.525,LEFT,1.3,1.3,OK,
지하철,1,2,1.05,0.15,1.2,2.15,1.3,3.35,4.65,2,2,3.5,4,0.875,RIGHT,1.3,1.3,OK,
지하철,1,2,1.05,0.15,1.2,2.15,1.3,3.35,4.65,3,3,4.9,4,0.525,LEFT,1.3,1.3,OK,
지하철,1,2,1.05,0.2,1.25,2.15,1.3,3.4,4.7,2,2,3.5,4.05,0.875,RIGHT,1.3,1.3,OK,
지하철,1,2,1.05,0.2,1.25,2.15,1.3,3.4,4.7,3,3,4.9,4.05,0.525,LEFT,1.3,1.3,OK,
지하철,1,2,1.05,0.25,1.3,2.15,1.3,3.45,4.75,2,2,3.5,4.1,0.875,RIGHT,1.3,1.3,OK,
지하철,1,2,1.05,0.25,1.3,2.15,1.3,3.45,4.75,3,3,4.9,4.1,0.7,LEFT,1.3,1.3,OK,
지하철,1,2,1.05,0.3,1.35,2.15,1.3,3.5,4.8,2,2,3.5,4.15,0.7,RIGHT,1.3,1.3,OK,
지하철,1,2,1.05,0.3,1.35,2.15,1.3,3.5,4.8,3,3,4.9,4.15,0.7,LEFT,1.3,1.3,OK,
지하철,1,2,1.05,0.35,1.4,2.15,1.3,3.55,4.85,2,2,3.5,4.2,0.7,RIGHT,1.3,1.3,OK,
지하철,1,2,1.05,0.35,1.4,2.15,1.3,3.55,4.85,3,3,4.9,4.2,0.7,LEFT,1.3,1.3,OK,
지하철,1,1,1.225,-0.35,0.875,2.15,1.3,3.025,4.325,2,2,3.5,3.675,1.225,RIGHT,1.3,1.3,OK,
지하철,1,1,1.225,-0.35,0.875,2.15,1.3,3.025,4.325,3,3,4.9,3.675,0.175,LEFT,1.3,1.3,OK,
지하철,1,1,1.225,-0.3,0.925,2.15,1.3,3.075,4.375,2,2,3.5,3.725,1.225,RIGHT,1.3,1.3,OK,
지하철,1,1,1.225,-0.3,0.925,2.15,1.3,3.075,4.375,3,3,4.9,3.725,0.175,LEFT,1.3,1.3,OK,
지하철,1,1,1.225,-0.25,0.975,2.15,1.3,3.125,4.425,2,2,3.5,3.775,1.225,RIGHT,1.3,1.3,OK,
지하철,1,1,1.225,-0.25,0.975,2.15,1.3,3.125,4.425,3,3,4.9,3.775,0.35,LEFT,1.3,1.3,OK,
지하철,1,1,1.225,-0.2,1.025,2.15,1.3,3.175,4.475,2,2,3.5,3.825,1.05,RIGHT,1.3,1.3,OK,
지하철,1,1,1.225,-0.2,1.025,2.15,1.3,3.175,4.475,3,3,4.9,3.825,0.35,LEFT,1.3,1.3,OK,
지하철,1,1,1.225,-0.15,1.075,2.15,1.3,3.225,4.525,2,2,3.5,3.875,1.05,RIGHT,1.3,1.3,OK,
지하철,1,1,1.225,-0.15,1.075,2.15,1.3,3.225,4.525,3,3,4.9,3.875,0.35,LEFT,1.3,1.3,OK,
지하철,1,1,1.225,-0.1,1.125,2.15,1.3,3.275,4.575,2,2,3.5,3.925,1.05,RIGHT,1.3,1.3,OK,
지하철,1,1,1.225,-0.1,1.125,2.15,1.3,3.275,4.575,3,3,4.9,3.925,0.525,LEFT,1.3,1.3,OK,
지하철,1,1,1.225,-0.05,1.175,2.15,1.3,3.325,4.625,2,2,3.5,3.975,0.875,RIGHT,1.3,1.3,OK,
지하철,1,1,1.225,-0.05,1.175,2.15,1.3,3.325,4.625,3,3,4.9,3.975,0.525,LEFT,1.3,1.3,OK,
지하철,1,1,1.225,0,1.225,2.15,1.3,3.375,4.675,2,2,3.5,4.025,0.875,RIGHT,1.3,1.3,OK,
지하철,1,1,1.225,0,1.225,2.15,1.3,3.375,4.675,3,3,4.9,4.025,0.525,LEFT,1.3,1.3,OK,
지하철,1,1,1.225,0.05,1.275,2.15,1.3,3.425,4.725,2,2,3.5,4.075,0.875,RIGHT,1.3,1.3,OK,
지하철,1,1,1.225,0.05,1.275,2.15,1.3,3.425,4.725,3,3,4.9,4.075,0.525,LEFT,1.3,1.3,OK,
지하철,1,1,1.225,0.1,1.325,2.15,1.3,3.475,4.775,2,2,3.5,4.125,0.875,RIGHT,1.3,1.3,OK,
지하철,1,1,1.225,0.1,1.325,2.15,1.3,3.475,4.775,3,3,4.9,4.125,0.7,LEFT,1.3,1.3,OK,
지하철,1,1,1.225,0.15,1.375,2.15,1.3,3.525,4.825,2,2,3.5,4.175,0.7,RIGHT,1.3,1.3,OK,
지하철,1,1,1.225,0.15,1.375,2.15,1.3,3.525,4.825,3,3,4.9,4.175,0.7,LEFT,1.3,1.3,OK,
지하철,1,1,1.225,0.2,1.425,2.15,1.3,3.575,4.875,2,2,3.5,4.225,0.7,RIGHT,1.3,1.3,OK,
지하철,1,1,1.225,0.2,1.425,2.15,1.3,3.575,4.875,3,3,4.9,4.225,0.7,LEFT,1.3,1.3,OK,
지하철,1,1,1.225,0.25,1.475,2.15,1.3,3.625,4.925,2,2,3.5,4.275,0.7,RIGHT,1.3,1.3,OK,
지하철,1,1,1.225,0.25,1.475,2.15,1.3,3.625,4.925,3,3,4.9,4.275,0.875,LEFT,1.3,1.3,OK,
지하철,1,1,1.225,0.3,1.525,2.15,1.3,3.675,4.975,2,2,3.5,4.325,0.525,RIGHT,1.3,1.3,OK,
지하철,1,1,1.225,0.3,1.525,2.15,1.3,3.675,4.975,3,3,4.9,4.325,0.875,LEFT,1.3,1.3,OK,
지하철,1,1,1.225,0.35,1.575,2.15,1.3,3.725,5.025,2,2,3.5,4.375,0.525,RIGHT,1.3,1.3,OK,
지하철,1,1,1.225,0.35,1.575,2.15,1.3,3.725,5.025,3,3,4.9,4.375,0.875,LEFT,1.3,1.3,OK,
지하철,2,8,0,-0.35,-0.35,6.95,1.3,6.6,7.9,4,4,6.3,7.25,0.525,RIGHT,1.3,1.3,OK,
지하철,2,8,0,-0.35,-0.35,6.95,1.3,6.6,7.9,5,5,7.7,7.25,1.05,LEFT,1.3,1.3,OK,
지하철,2,8,0,-0.3,-0.3,6.95,1.3,6.65,7.95,4,4,6.3,7.3,0.35,RIGHT,1.3,1.3,OK,
지하철,2,8,0,-0.3,-0.3,6.95,1.3,6.65,7.95,5,5,7.7,7.3,1.05,LEFT,1.3,1.3,OK,
지하철,2,8,0,-0.25,-0.25,6.95,1.3,6.7,8,4,4,6.3,7.35,0.35,RIGHT,1.3,1.3,OK,
지하철,2,8,0,-0.25,-0.25,6.95,1.3,6.7,8,5,5,7.7,7.35,1.05,LEFT,1.3,1.3,OK,
지하철,2,8,0,-0.2,-0.2,6.95,1.3,6.75,8.05,4,4,6.3,7.4,0.35,RIGHT,1.3,1.3,OK,
지하철,2,8,0,-0.2,-0.2,6.95,1.3,6.75,8.05,5,5,7.7,7.4,1.05,LEFT,1.3,1.3,OK,
지하철,2,8,0,-0.15,-0.15,6.95,1.3,6.8,8.1,4,4,6.3,7.45,0.35,RIGHT,1.3,1.3,OK,
지하철,2,8,0,-0.15,-0.15,6.95,1.3,6.8,8.1,5,5,7.7,7.45,1.225,LEFT,1.3,1.3,OK,
지하철,2,8,0,-0.1,-0.1,6.95,1.3,6.85,8.15,4,4,6.3,7.5,0.175,RIGHT,1.3,1.3,OK,
지하철,2,8,0,-0.1,-0.1,6.95,1.3,6.85,8.15,5,5,7.7,7.5,1.225,LEFT,1.3,1.3,OK,
지하철,2,8,0,-0.05,-0.05,6.95,1.3,6.9,8.2,4,4,6.3,7.55,0.175,RIGHT,1.3,1.3,OK,
지하철,2,8,0,-0.05,-0.05,6.95,1.3,6.9,8.2,5,5,7.7,7.55,1.225,LEFT,1.3,1.3,OK,
지하철,2,8,0,0,0,6.95,1.3,6.95,8.25,4,4,6.3,7.6,0.175,RIGHT,1.3,1.3,OK,
지하철,2,8,0,0,0,6.95,1.3,6.95,8.25,5,5,7.7,7.6,1.4,LEFT,1.3,1.3,OK,
지하철,2,8,0,0.05,0.05,6.95,1.3,7,8.3,5,5,7.7,7.65,1.4,LEFT,1.3,1.3,OK,
지하철,2,8,0,0.1,0.1,6.95,1.3,7.05,8.35,5,5,7.7,7.7,1.4,RIGHT,1.3,1.3,OK,
지하철,2,8,0,0.15,0.15,6.95,1.3,7.1,8.4,5,5,7.7,7.75,1.4,RIGHT,1.3,1.3,OK,
지하철,2,8,0,0.2,0.2,6.95,1.3,7.15,8.45,5,5,7.7,7.8,1.4,RIGHT,1.3,1.3,OK,
지하철,2,8,0,0.2,0.2,6.95,1.3,7.15,8.45,6,6,9.1,7.8,0.175,LEFT,1.3,1.3,OK,
지하철,2,8,0,0.25,0.25,6.95,1.3,7.2,8.5,5,5,7.7,7.85,1.225,RIGHT,1.3,1.3,OK,
지하철,2,8,0,0.25,0.25,6.95,1.3,7.2,8.5,6,6,9.1,7.85,0.175,LEFT,1.3,1.3,OK,
지하철,2,8,0,0.3,0.3,6.95,1.3,7.25,8.55,5,5,7.7,7.9,1.225,RIGHT,1.3,1.3,OK,
지하철,2,8,0,0.3,0.3,6.95,1.3,7.25,8.55,6,6,9.1,7.9,0.175,LEFT,1.3,1.3,OK,
지하철,2,8,0,0.35,0.35,6.95,1.3,7.3,8.6,5,5,7.7,7.95,1.225,RIGHT,1.3,1.3,OK,
지하철,2,8,0,0.35,0.35,6.95,1.3,7.3,8.6,6,6,9.1,7.95,0.35,LEFT,1.3,1.3,OK,
지하철,2,7,0.175,-0.35,-0.175,6.95,1.3,6.775,8.075,4,4,6.3,7.425,0.35,RIGHT,1.3,1.3,OK,
지하철,2,7,0.175,-0.35,-0.175,6.95,1.3,6.775,8.075,5,5,7.7,7.425,1.225,LEFT,1.3,1.3,OK,
지하철,2,7,0.175,-0.3,-0.125,6.95,1.3,6.825,8.125,4,4,6.3,7.475,0.175,RIGHT,1.3,1.3,OK,
지하철,2,7,0.175,-0.3,-0.125,6.95,1.3,6.825,8.125,5,5,7.7,7.475,1.225,LEFT,1.3,1.3,OK,
지하철,2,7,0.175,-0.25,-0.075,6.95,1.3,6.875,8.175,4,4,6.3,7.525,0.175,RIGHT,1.3,1.3,OK,
지하철,2,7,0.175,-0.25,-0.075,6.95,1.3,6.875,8.175,5,5,7.7,7.525,1.225,LEFT,1.3,1.3,OK,
지하철,2,7,0.175,-0.2,-0.025,6.95,1.3,6.925,8.225,4,4,6.3,7.575,0.175,RIGHT,1.3,1.3,OK,
지하철,2,7,0.175,-0.2,-0.025,6.95,1.3,6.925,8.225,5,5,7.7,7.575,1.225,LEFT,1.3,1.3,OK,
지하철,2,7,0.175,-0.15,0.025,6.95,1.3,6.975,8.275,4,4,6.3,7.625,0.175,RIGHT,1.3,1.3,OK,
지하철,2,7,0.175,-0.15,0.025,6.95,1.3,6.975,8.275,5,5,7.7,7.625,1.4,LEFT,1.3,1.3,OK,
지하철,2,7,0.175,-0.1,0.075,6.95,1.3,7.025,8.325,5,5,7.7,7.675,1.4,LEFT,1.3,1.3,OK,
지하철,2,7,0.175,-0.05,0.125,6.95,1.3,7.075,8.375,5,5,7.7,7.725,1.4,RIGHT,1.3,1.3,OK,
지하철,2,7,0.175,0,0.175,6.95,1.3,7.125,8.425,5,5,7.7,7.775,1.4,RIGHT,1.3,1.3,OK,
지하철,2,7,0.175,0,0.175,6.95,1.3,7.125,8.425,6,6,9.1,7.775,0.175,LEFT,1.3,1.3,OK,
지하철,2,7,0.175,0.05,0.225,6.95,1.3,7.175,8.475,5,5,7.7,7.825,1.225,RIGHT,1.3,1.3,OK,
지하철,2,7,0.175,0.05,0.225,6.95,1.3,7.175,8.475,6,6,9.1,7.825,0.175,LEFT,1.3,1.3,OK,
지하철,2,7,0.175,0.1,0.275,6.95,1.3,7.225,8.525,5,5,7.7,7.875,1.225,RIGHT,1.3,1.3,OK,
지하철,2,7,0.175,0.1,0.275,6.95,1.3,7.225,8.525,6,6,9.1,7.875,0.175,LEFT,1.3,1.3,OK,
지하철,2,7,0.175,0.15,0.325,6.95,1.3,7.275,8.575,5,5,7.7,7.925,1.225,RIGHT,1.3,1.3,OK,
지하철,2,7,0.175,0.15,0.325,6.95,1.3,7.275,8.575,6,6,9.1,7.925,0.175,LEFT,1.3,1.3,OK,
지하철,2,7,0.175,0.2,0.375,6.95,1.3,7.325,8.625,5,5,7.7,7.975,1.225,RIGHT,1.3,1.3,OK,
지하철,2,7,0.175,0.2,0.375,6.95,1.3,7.325,8.625,6,6,9.1,7.975,0.35,LEFT,1.3,1.3,OK,
지하철,2,7,0.175,0.25,0.425,6.95,1.3,7.375,8.675,5,5,7.7,8.025,1.05,RIGHT,1.3,1.3,OK,
지하철,2,7,0.175,0.25,0.425,6.95,1.3,7.375,8.675,6,6,9.1,8.025,0.35,LEFT,1.3,1.3,OK,
지하철,2,7,0.175,0.3,0.475,6.95,1.3,7.425,8.725,5,5,7.7,8.075,1.05,RIGHT,1.3,1.3,OK,
지하철,2,7,0.175,0.3,0.475,6.95,1.3,7.425,8.725,6,6,9.1,8.075,0.35,LEFT,1.3,1.3,OK,
지하철,2,7,0.175,0.35,0.525,6.95,1.3,7.475,8.775,5,5,7.7,8.125,1.05,RIGHT,1.3,1.3,OK,
지하철,2,7,0.175,0.35,0.525,6.95,1.3,7.475,8.775,6,6,9.1,8.125,0.525,LEFT,1.3,1.3,OK,
지하철,2,6,0.35,-0.35,0,6.95,1.3,6.95,8.25,4,4,6.3,7.6,0.175,RIGHT,1.3,1.3,OK,
지하철,2,6,0.35,-0.35,0,6.95,1.3,6.95,8.25,5,5,7.7,7.6,1.4,LEFT,1.3,1.3,OK,
지하철,2,6,0.35,-0.3,0.05,6.95,1.3,7,8.3,5,5,7.7,7.65,1.4,LEFT,1.3,1.3,OK,
지하철,2,6,0.35,-0.25,0.1,6.95,1.3,7.05,8.35,5,5,7.7,7.7,1.4,RIGHT,1.3,1.3,OK,
지하철,2,6,0.35,-0.2,0.15,6.95,1.3,7.1,8.4,5,5,7.7,7.75,1.4,RIGHT,1.3,1.3,OK,
지하철,2,6,0.35,-0.15,0.2,6.95,1.3,7.15,8.45,5,5,7.7,7.8,1.4,RIGHT,1.3,1.3,OK,
지하철,2,6,0.35,-0.15,0.2,6.95,1.3,7.15,8.45,6,6,9.1,7.8,0.175,LEFT,1.3,1.3,OK,
지하철,2,6,0.35,-0.1,0.25,6.95,1.3,7.2,8.5,5,5,7.7,7.85,1.225,RIGHT,1.3,1.3,OK,
지하철,2,6,0.35,-0.1,0.25,6.95,1.3,7.2,8.5,6,6,9.1,7.85,0.175,LEFT,1.3,1.3,OK,
지하철,2,6,0.35,-0.05,0.3,6.95,1.3,7.25,8.55,5,5,7.7,7.9,1.225,RIGHT,1.3,1.3,OK,
지하철,2,6,0.35,-0.05,0.3,6.95,1.3,7.25,8.55,6,6,9.1,7.9,0.175,LEFT,1.3,1.3,OK,
지하철,2,6,0.35,0,0.35,6.95,1.3,7.3,8.6,5,5,7.7,7.95,1.225,RIGHT,1.3,1.3,OK,
지하철,2,6,0.35,0,0.35,6.95,1.3,7.3,8.6,6,6,9.1,7.95,0.35,LEFT,1.3,1.3,OK,
지하철,2,6,0.35,0.05,0.4,6.95,1.3,7.35,8.65,5,5,7.7,8,1.05,RIGHT,1.3,1.3,OK,
지하철,2,6,0.35,0.05,0.4,6.95,1.3,7.35,8.65,6,6,9.1,8,0.35,LEFT,1.3,1.3,OK,
지하철,2,6,0.35,0.1,0.45,6.95,1.3,7.4,8.7,5,5,7.7,8.05,1.05,RIGHT,1.3,1.3,OK,
지하철,2,6,0.35,0.1,0.45,6.95,1.3,7.4,8.7,6,6,9.1,8.05,0.35,LEFT,1.3,1.3,OK,
지하철,2,6,0.35,0.15,0.5,6.95,1.3,7.45,8.75,5,5,7.7,8.1,1.05,RIGHT,1.3,1.3,OK,
지하철,2,6,0.35,0.15,0.5,6.95,1.3,7.45,8.75,6,6,9.1,8.1,0.35,LEFT,1.3,1.3,OK,
지하철,2,6,0.35,0.2,0.55,6.95,1.3,7.5,8.8,5,5,7.7,8.15,1.05,RIGHT,1.3,1.3,OK,
지하철,2,6,0.35,0.2,0.55,6.95,1.3,7.5,8.8,6,6,9.1,8.15,0.525,LEFT,1.3,1.3,OK,
지하철,2,6,0.35,0.25,0.6,6.95,1.3,7.55,8.85,5,5,7.7,8.2,0.875,RIGHT,1.3,1.3,OK,
지하철,2,6,0.35,0.25,0.6,6.95,1.3,7.55,8.85,6,6,9.1,8.2,0.525,LEFT,1.3,1.3,OK,
지하철,2,6,0.35,0.3,0.65,6.95,1.3,7.6,8.9,5,5,7.7,8.25,0.875,RIGHT,1.3,1.3,OK,
지하철,2,6,0.35,0.3,0.65,6.95,1.3,7.6,8.9,6,6,9.1,8.25,0.525,LEFT,1.3,1.3,OK,
지하철,2,6,0.35,0.35,0.7,6.95,1.3,7.65,8.95,5,5,7.7,8.3,0.875,RIGHT,1.3,1.3,OK,
지하철,2,6,0.35,0.35,0.7,6.95,1.3,7.65,8.95,6,6,9.1,8.3,0.7,LEFT,1.3,1.3,OK,
지하철,2,5,0.525,-0.35,0.175,6.95,1.3,7.125,8.425,5,5,7.7,7.775,1.4,RIGHT,1.3,1.3,OK,
지하철,2,5,0.525,-0.35,0.175,6.95,1.3,7.125,8.425,6,6,9.1,7.775,0.175,LEFT,1.3,1.3,OK,
지하철,2,5,0.525,-0.3,0.225,6.95,1.3,7.175,8.475,5,5,7.7,7.825,1.225,RIGHT,1.3,1.3,OK,
지하철,2,5,0.525,-0.3,0.225,6.95,1.3,7.175,8.475,6,6,9.1,7.825,0.175,LEFT,1.3,1.3,OK,
지하철,2,5,0.525,-0.25,0.275,6.95,1.3,7.225,8.525,5,5,7.7,7.875,1.225,RIGHT,1.3,1.3,OK,
지하철,2,5,0.525,-0.25,0.275,6.95,1.3,7.225,8.525,6,6,9.1,7.875,0.175,LEFT,1.3,1.3,OK,
지하철,2,5,0.525,-0.2,0.325,6.95,1.3,7.275,8.575,5,5,7.7,7.925,1.225,RIGHT,1.3,1.3,OK,
지하철,2,5,0.525,-0.2,0.325,6.95,1.3,7.275,8.575,6,6,9.1,7.925,0.175,LEFT,1.3,1.3,OK,
지하철,2,5,0.525,-0.15,0.375,6.95,1.3,7.325,8.625,5,5,7.7,7.975,1.225,RIGHT,1.3,1.3,OK,
지하철,2,5,0.525,-0.15,0.375,6.95,1.3,7.325,8.625,6,6,9.1,7.975,0.35,LEFT,1.3,1.3,OK,
지하철,2,5,0.525,-0.1,0.425,6.95,1.3,7.375,8.675,5,5,7.7,8.025,1.05,RIGHT,1.3,1.3,OK,
지하철,2,5,0.525,-0.1,0.425,6.95,1.3,7.375,8.675,6,6,9.1,8.025,0.35,LEFT,1.3,1.3,OK,
지하철,2,5,0.525,-0.05,0.475,6.95,1.3,7.425,8.725,5,5,7.7,8.075,1.05,RIGHT,1.3,1.3,OK,
지하철,2,5,0.525,-0.05,0.475,6.95,1.3,7.425,8.725,6,6,9.1,8.075,0.35,LEFT,1.3,1.3,OK,
지하철,2,5,0.525,0,0.525,6.95,1.3,7.475,8.775,5,5,7.7,8.125,1.05,RIGHT,1.3,1.3,OK,
지하철,2,5,0.525,0,0.525,6.95,1.3,7.475,8.775,6,6,9.1,8.125,0.525,LEFT,1.3,1.3,OK,
지하철,2,5,0.525,0.05,0.575,6.95,1.3,7.525,8.825,5,5,7.7,8.175,0.875,RIGHT,1.3,1.3,OK,
지하철,2,5,0.525,0.05,0.575,6.95,1.3,7.525,8.825,6,6,9.1,8.175,0.525,LEFT,1.3,1.3,OK,
지하철,2,5,0.525,0.1,0.625,6.95,1.3,7.575,8.875,5,5,7.7,8.225,0.875,RIGHT,1.3,1.3,OK,
지하철,2,5,0.525,0.1,0.625,6.95,1.3,7.575,8.875,6,6,9.1,8.225,0.525,LEFT,1.3,1.3,OK,
지하철,2,5,0.525,0.15,0.675,6.95,1.3,7.625,8.925,5,5,7.7,8.275,0.875,RIGHT,1.3,1.3,OK,
지하철,2,5,0.525,0.15,0.675,6.95,1.3,7.625,8.925,6,6,9.1,8.275,0.525,LEFT,1.3,1.3,OK,
지하철,2,5,0.525,0.2,0.725,6.95,1.3,7.675,8.975,5,5,7.7,8.325,0.875,RIGHT,1.3,1.3,OK,
지하철,2,5,0.525,0.2,0.725,6.95,1.3,7.675,8.975,6,6,9.1,8.325,0.7,LEFT,1.3,1.3,OK,
지하철,2,5,0.525,0.25,0.775,6.95,1.3,7.725,9.025,5,5,7.7,8.375,0.7,RIGHT,1.3,1.3,OK,
지하철,2,5,0.525,0.25,0.775,6.95,1.3,7.725,9.025,6,6,9.1,8.375,0.7,LEFT,1.3,1.3,OK,
지하철,2,5,0.525,0.3,0.825,6.95,1.3,7.775,9.075,5,5,7.7,8.425,0.7,RIGHT,1.3,1.3,OK,
지하철,2,5,0.525,0.3,0.825,6.95,1.3,7.775,9.075,6,6,9.1,8.425,0.7,LEFT,1.3,1.3,OK,
지하철,2,5,0.525,0.35,0.875,6.95,1.3,7.825,9.125,5,5,7.7,8.475,0.7,RIGHT,1.3,1.3,OK,
지하철,2,5,0.525,0.35,0.875,6.95,1.3,7.825,9.125,6,6,9.1,8.475,0.875,LEFT,1.3,1.3,OK,
지하철,2,4,0.7,-0.35,0.35,6.95,1.3,7.3,8.6,5,5,7.7,7.95,1.225,RIGHT,1.3,1.3,OK,
지하철,2,4,0.7,-0.35,0.35,6.95,1.3,7.3,8.6,6,6,9.1,7.95,0.35,LEFT,1.3,1.3,OK,
지하철,2,4,0.7,-0.3,0.4,6.95,1.3,7.35,8.65,5,5,7.7,8,1.05,RIGHT,1.3,1.3,OK,
지하철,2,4,0.7,-0.3,0.4,6.95,1.3,7.35,8.65,6,6,9.1,8,0.35,LEFT,1.3,1.3,OK,
지하철,2,4,0.7,-0.25,0.45,6.95,1.3,7.4,8.7,5,5,7.7,8.05,1.05,RIGHT,1.3,1.3,OK,
지하철,2,4,0.7,-0.25,0.45,6.95,1.3,7.4,8.7,6,6,9.1,8.05,0.35,LEFT,1.3,1.3,OK,
지하철,2,4,0.7,-0.2,0.5,6.95,1.3,7.45,8.75,5,5,7.7,8.1,1.05,RIGHT,1.3,1.3,OK,
지하철,2,4,0.7,-0.2,0.5,6.95,1.3,7.45,8.75,6,6,9.1,8.1,0.35,LEFT,1.3,1.3,OK,
지하철,2,4,0.7,-0.15,0.55,6.95,1.3,7.5,8.8,5,5,7.7,8.15,1.05,RIGHT,1.3,1.3,OK,
지하철,2,4,0.7,-0.15,0.55,6.95,1.3,7.5,8.8,6,6,9.1,8.15,0.525,LEFT,1.3,1.3,OK,
지하철,2,4,0.7,-0.1,0.6,6.95,1.3,7.55,8.85,5,5,7.7,8.2,0.875,RIGHT,1.3,1.3,OK,
지하철,2,4,0.7,-0.1,0.6,6.95,1.3,7.55,8.85,6,6,9.1,8.2,0.525,LEFT,1.3,1.3,OK,
지하철,2,4,0.7,-0.05,0.65,6.95,1.3,7.6,8.9,5,5,7.7,8.25,0.875,RIGHT,1.3,1.3,OK,
지하철,2,4,0.7,-0.05,0.65,6.95,1.3,7.6,8.9,6,6,9.1,8.25,0.525,LEFT,1.3,1.3,OK,
지하철,2,4,0.7,0,0.7,6.95,1.3,7.65,8.95,5,5,7.7,8.3,0.875,RIGHT,1.3,1.3,OK,
지하철,2,4,0.7,0,0.7,6.95,1.3,7.65,8.95,6,6,9.1,8.3,0.7,LEFT,1.3,1.3,OK,
지하철,2,4,0.7,0.05,0.75,6.95,1.3,7.7,9,5,5,7.7,8.35,0.7,RIGHT,1.3,1.3,OK,
지하철,2,4,0.7,0.05,0.75,6.95,1.3,7.7,9,6,6,9.1,8.35,0.7,LEFT,1.3,1.3,OK,
지하철,2,4,0.7,0.1,0.8,6.95,1.3,7.75,9.05,5,5,7.7,8.4,0.7,RIGHT,1.3,1.3,OK,
지하철,2,4,0.7,0.1,0.8,6.95,1.3,7.75,9.05,6,6,9.1,8.4,0.7,LEFT,1.3,1.3,OK,
지하철,2,4,0.7,0.15,0.85,6.95,1.3,7.8,9.1,5,5,7.7,8.45,0.7,RIGHT,1.3,1.3,OK,
지하철,2,4,0.7,0.15,0.85,6.95,1.3,7.8,9.1,6,6,9.1,8.45,0.7,LEFT,1.3,1.3,OK,
지하철,2,4,0.7,0.2,0.9,6.95,1.3,7.85,9.15,5,5,7.7,8.5,0.7,RIGHT,1.3,1.3,OK,
지하철,2,4,0.7,0.2,0.9,6.95,1.3,7.85,9.15,6,6,9.1,8.5,0.875,LEFT,1.3,1.3,OK,
지하철,2,4,0.7,0.25,0.95,6.95,1.3,7.9,9.2,5,5,7.7,8.55,0.525,RIGHT,1.3,1.3,OK,
지하철,2,4,0.7,0.25,0.95,6.95,1.3,7.9,9.2,6,6,9.1,8.55,0.875,LEFT,1.3,1.3,OK,
지하철,2,4,0.7,0.3,1,6.95,1.3,7.95,9.25,5,5,7.7,8.6,0.525,RIGHT,1.3,1.3,OK,
지하철,2,4,0.7,0.3,1,6.95,1.3,7.95,9.25,6,6,9.1,8.6,0.875,LEFT,1.3,1.3,OK,
지하철,2,4,0.7,0.35,1.05,6.95,1.3,8,9.3,5,5,7.7,8.65,0.525,RIGHT,1.3,1.3,OK,
지하철,2,4,0.7,0.35,1.05,6.95,1.3,8,9.3,6,6,9.1,8.65,1.05,LEFT,1.3,1.3,OK,
지하철,2,3,0.875,-0.35,0.525,6.95,1.3,7.475,8.775,5,5,7.7,8.125,1.05,RIGHT,1.3,1.3,OK,
지하철,2,3,0.875,-0.35,0.525,6.95,1.3,7.475,8.775,6,6,9.1,8.125,0.525,LEFT,1.3,1.3,OK,
지하철,2,3,0.875,-0.3,0.575,6.95,1.3,7.525,8.825,5,5,7.7,8.175,0.875,RIGHT,1.3,1.3,OK,
지하철,2,3,0.875,-0.3,0.575,6.95,1.3,7.525,8.825,6,6,9.1,8.175,0.525,LEFT,1.3,1.3,OK,
지하철,2,3,0.875,-0.25,0.625,6.95,1.3,7.575,8.875,5,5,7.7,8.225,0.875,RIGHT,1.3,1.3,OK,
지하철,2,3,0.875,-0.25,0.625,6.95,1.3,7.575,8.875,6,6,9.1,8.225,0.525,LEFT,1.3,1.3,OK,
지하철,2,3,0.875,-0.2,0.675,6.95,1.3,7.625,8.925,5,5,7.7,8.275,0.875,RIGHT,1.3,1.3,OK,
지하철,2,3,0.875,-0.2,0.675,6.95,1.3,7.625,8.925,6,6,9.1,8.275,0.525,LEFT,1.3,1.3,OK,
지하철,2,3,0.875,-0.15,0.725,6.95,1.3,7.675,8.975,5,5,7.7,8.325,0.875,RIGHT,1.3,1.3,OK,
지하철,2,3,0.875,-0.15,0.725,6.95,1.3,7.675,8.975,6,6,9.1,8.325,0.7,LEFT,1.3,1.3,OK,
지하철,2,3,0.875,-0.1,0.775,6.95,1.3,7.725,9.025,5,5,7.7,8.375,0.7,RIGHT,1.3,1.3,OK,
지하철,2,3,0.875,-0.1,0.775,6.95,1.3,7.725,9.025,6,6,9.1,8.375,0.7,LEFT,1.3,1.3,OK,
지하철,2,3,0.875,-0.05,0.825,6.95,1.3,7.775,9.075,5,5,7.7,8.425,0.7,RIGHT,1.3,1.3,OK,
지하철,2,3,0.875,-0.05,0.825,6.95,1.3,7.775,9.075,6,6,9.1,8.425,0.7,LEFT,1.3,1.3,OK,
지하철,2,3,0.875,0,0.875,6.95,1.3,7.825,9.125,5,5,7.7,8.475,0.7,RIGHT,1.3,1.3,OK,
지하철,2,3,0.875,0,0.875,6.95,1.3,7.825,9.125,6,6,9.1,8.475,0.875,LEFT,1.3,1.3,OK,
지하철,2,3,0.875,0.05,0.925,6.95,1.3,7.875,9.175,5,5,7.7,8.525,0.525,RIGHT,1.3,1.3,OK,
지하철,2,3,0.875,0.05,0.925,6.95,1.3,7.875,9.175,6,6,9.1,8.525,0.875,LEFT,1.3,1.3,OK,
지하철,2,3,0.875,0.1,0.975,6.95,1.3,7.925,9.225,5,5,7.7,8.575,0.525,RIGHT,1.3,1.3,OK,
지하철,2,3,0.875,0.1,0.975,6.95,1.3,7.925,9.225,6,6,9.1,8.575,0.875,LEFT,1.3,1.3,OK,
지하철,2,3,0.875,0.15,1.025,6.95,1.3,7.975,9.275,5,5,7.7,8.625,0.525,RIGHT,1.3,1.3,OK,
지하철,2,3,0.875,0.15,1.025,6.95,1.3,7.975,9.275,6,6,9.1,8.625,0.875,LEFT,1.3,1.3,OK,
지하철,2,3,0.875,0.2,1.075,6.95,1.3,8.025,9.325,5,5,7.7,8.675,0.525,RIGHT,1.3,1.3,OK,
지하철,2,3,0.875,0.2,1.075,6.95,1.3,8.025,9.325,6,6,9.1,8.675,1.05,LEFT,1.3,1.3,OK,
지하철,2,3,0.875,0.25,1.125,6.95,1.3,8.075,9.375,5,5,7.7,8.725,0.35,RIGHT,1.3,1.3,OK,
지하철,2,3,0.875,0.25,1.125,6.95,1.3,8.075,9.375,6,6,9.1,8.725,1.05,LEFT,1.3,1.3,OK,
지하철,2,3,0.875,0.3,1.175,6.95,1.3,8.125,9.425,5,5,7.7,8.775,0.35,RIGHT,1.3,1.3,OK,
지하철,2,3,0.875,0.3,1.175,6.95,1.3,8.125,9.425,6,6,9.1,8.775,1.05,LEFT,1.3,1.3,OK,
지하철,2,3,0.875,0.35,1.225,6.95,1.3,8.175,9.475,5,5,7.7,8.825,0.35,RIGHT,1.3,1.3,OK,
지하철,2,3,0.875,0.35,1.225,6.95,1.3,8.175,9.475,6,6,9.1,8.825,1.225,LEFT,1.3,1.3,OK,
지하철,2,2,1.05,-0.35,0.7,6.95,1.3,7.65,8.95,5,5,7.7,8.3,0.875,RIGHT,1.3,1.3,OK,
지하철,2,2,1.05,-0.35,0.7,6.95,1.3,7.65,8.95,6,6,9.1,8.3,0.7,LEFT,1.3,1.3,OK,
지하철,2,2,1.05,-0.3,0.75,6.95,1.3,7.7,9,5,5,7.7,8.35,0.7,RIGHT,1.3,1.3,OK,
지하철,2,2,1.05,-0.3,0.75,6.95,1.3,7.7,9,6,6,9.1,8.35,0.7,LEFT,1.3,1.3,OK,
지하철,2,2,1.05,-0.25,0.8,6.95,1.3,7.75,9.05,5,5,7.7,8.4,0.7,RIGHT,1.3,1.3,OK,
지하철,2,2,1.05,-0.25,0.8,6.95,1.3,7.75,9.05,6,6,9.1,8.4,0.7,LEFT,1.3,1.3,OK,
지하철,2,2,1.05,-0.2,0.85,6.95,1.3,7.8,9.1,5,5,7.7,8.45,0.7,RIGHT,1.3,1.3,OK,
지하철,2,2,1.05,-0.2,0.85,6.95,1.3,7.8,9.1,6,6,9.1,8.45,0.7,LEFT,1.3,1.3,OK,
지하철,2,2,1.05,-0.15,0.9,6.95,1.3,7.85,9.15,5,5,7.7,8.5,0.7,RIGHT,1.3,1.3,OK,
지하철,2,2,1.05,-0.15,0.9,6.95,1.3,7.85,9.15,6,6,9.1,8.5,0.875,LEFT,1.3,1.3,OK,
지하철,2,2,1.05,-0.1,0.95,6.95,1.3,7.9,9.2,5,5,7.7,8.55,0.525,RIGHT,1.3,1.3,OK,
지하철,2,2,1.05,-0.1,0.95,6.95,1.3,7.9,9.2,6,6,9.1,8.55,0.875,LEFT,1.3,1.3,OK,
지하철,2,2,1.05,-0.05,1,6.95,1.3,7.95,9.25,5,5,7.7,8.6,0.525,RIGHT,1.3,1.3,OK,
지하철,2,2,1.05,-0.05,1,6.95,1.3,7.95,9.25,6,6,9.1,8.6,0.875,LEFT,1.3,1.3,OK,
지하철,2,2,1.05,0,1.05,6.95,1.3,8,9.3,5,5,7.7,8.65,0.525,RIGHT,1.3,1.3,OK,
지하철,2,2,1.05,0,1.05,6.95,1.3,8,9.3,6,6,9.1,8.65,1.05,LEFT,1.3,1.3,OK,
지하철,2,2,1.05,0.05,1.1,6.95,1.3,8.05,9.35,5,5,7.7,8.7,0.35,RIGHT,1.3,1.3,OK,
지하철,2,2,1.05,0.05,1.1,6.95,1.3,8.05,9.35,6,6,9.1,8.7,1.05,LEFT,1.3,1.3,OK,
지하철,2,2,1.05,0.1,1.15,6.95,1.3,8.1,9.4,5,5,7.7,8.75,0.35,RIGHT,1.3,1.3,OK,
지하철,2,2,1.05,0.1,1.15,6.95,1.3,8.1,9.4,6,6,9.1,8.75,1.05,LEFT,1.3,1.3,OK,
지하철,2,2,1.05,0.15,1.2,6.95,1.3,8.15,9.45,5,5,7.7,8.8,0.35,RIGHT,1.3,1.3,OK,
지하철,2,2,1.05,0.15,1.2,6.95,1.3,8.15,9.45,6,6,9.1,8.8,1.05,LEFT,1.3,1.3,OK,
지하철,2,2,1.05,0.2,1.25,6.95,1.3,8.2,9.5,5,5,7.7,8.85,0.35,RIGHT,1.3,1.3,OK,
지하철,2,2,1.05,0.2,1.25,6.95,1.3,8.2,9.5,6,6,9.1,8.85,1.225,LEFT,1.3,1.3,OK,
지하철,2,2,1.05,0.25,1.3,6.95,1.3,8.25,9.55,5,5,7.7,8.9,0.175,RIGHT,1.3,1.3,OK,
지하철,2,2,1.05,0.25,1.3,6.95,1.3,8.25,9.55,6,6,9.1,8.9,1.225,LEFT,1.3,1.3,OK,
지하철,2,2,1.05,0.3,1.35,6.95,1.3,8.3,9.6,5,5,7.7,8.95,0.175,RIGHT,1.3,1.3,OK,
지하철,2,2,1.05,0.3,1.35,6.95,1.3,8.3,9.6,6,6,9.1,8.95,1.225,LEFT,1.3,1.3,OK,
지하철,2,2,1.05,0.35,1.4,6.95,1.3,8.35,9.65,5,5,7.7,9,0.175,RIGHT,1.3,1.3,OK,
지하철,2,2,1.05,0.35,1.4,6.95,1.3,8.35,9.65,6,6,9.1,9,1.4,LEFT,1.3,1.3,OK,
지하철,2,1,1.225,-0.35,0.875,6.95,1.3,7.825,9.125,5,5,7.7,8.475,0.7,RIGHT,1.3,1.3,OK,
지하철,2,1,1.225,-0.35,0.875,6.95,1.3,7.825,9.125,6,6,9.1,8.475,0.875,LEFT,1.3,1.3,OK,
지하철,2,1,1.225,-0.3,0.925,6.95,1.3,7.875,9.175,5,5,7.7,8.525,0.525,RIGHT,1.3,1.3,OK,
지하철,2,1,1.225,-0.3,0.925,6.95,1.3,7.875,9.175,6,6,9.1,8.525,0.875,LEFT,1.3,1.3,OK,
지하철,2,1,1.225,-0.25,0.975,6.95,1.3,7.925,9.225,5,5,7.7,8.575,0.525,RIGHT,1.3,1.3,OK,
지하철,2,1,1.225,-0.25,0.975,6.95,1.3,7.925,9.225,6,6,9.1,8.575,0.875,LEFT,1.3,1.3,OK,
지하철,2,1,1.225,-0.2,1.025,6.95,1.3,7.975,9.275,5,5,7.7,8.625,0.525,RIGHT,1.3,1.3,OK,
지하철,2,1,1.225,-0.2,1.025,6.95,1.3,7.975,9.275,6,6,9.1,8.625,0.875,LEFT,1.3,1.3,OK,
지하철,2,1,1.225,-0.15,1.075,6.95,1.3,8.025,9.325,5,5,7.7,8.675,0.525,RIGHT,1.3,1.3,OK,
지하철,2,1,1.225,-0.15,1.075,6.95,1.3,8.025,9.325,6,6,9.1,8.675,1.05,LEFT,1.3,1.3,OK,
지하철,2,1,1.225,-0.1,1.125,6.95,1.3,8.075,9.375,5,5,7.7,8.725,0.35,RIGHT,1.3,1.3,OK,
지하철,2,1,1.225,-0.1,1.125,6.95,1.3,8.075,9.375,6,6,9.1,8.725,1.05,LEFT,1.3,1.3,OK,
지하철,2,1,1.225,-0.05,1.175,6.95,1.3,8.125,9.425,5,5,7.7,8.775,0.35,RIGHT,1.3,1.3,OK,
지하철,2,1,1.225,-0.05,1.175,6.95,1.3,8.125,9.425,6,6,9.1,8.775,1.05,LEFT,1.3,1.3,OK,
지하철,2,1,1.225,0,1.225,6.95,1.3,8.175,9.475,5,5,7.7,8.825,0.35,RIGHT,1.3,1.3,OK,
지하철,2,1,1.225,0,1.225,6.95,1.3,8.175,9.475,6,6,9.1,8.825,1.225,LEFT,1.3,1.3,OK,
지하철,2,1,1.225,0.05,1.275,6.95,1.3,8.225,9.525,5,5,7.7,8.875,0.175,RIGHT,1.3,1.3,OK,
지하철,2,1,1.225,0.05,1.275,6.95,1.3,8.225,9.525,6,6,9.1,8.875,1.225,LEFT,1.3,1.3,OK,
지하철,2,1,1.225,0.1,1.325,6.95,1.3,8.275,9.575,5,5,7.7,8.925,0.175,RIGHT,1.3,1.3,OK,
지하철,2,1,1.225,0.1,1.325,6.95,1.3,8.275,9.575,6,6,9.1,8.925,1.225,LEFT,1.3,1.3,OK,
지하철,2,1,1.225,0.15,1.375,6.95,1.3,8.325,9.625,5,5,7.7,8.975,0.175,RIGHT,1.3,1.3,OK,
지하철,2,1,1.225,0.15,1.375,6.95,1.3,8.325,9.625,6,6,9.1,8.975,1.225,LEFT,1.3,1.3,OK,
지하철,2,1,1.225,0.2,1.425,6.95,1.3,8.375,9.675,5,5,7.7,9.025,0.175,RIGHT,1.3,1.3,OK,
지하철,2,1,1.225,0.2,1.425,6.95,1.3,8.375,9.675,6,6,9.1,9.025,1.4,LEFT,1.3,1.3,OK,
지하철,2,1,1.225,0.25,1.475,6.95,1.3,8.425,9.725,6,6,9.1,9.075,1.4,LEFT,1.3,1.3,OK,
지하철,2,1,1.225,0.3,1.525,6.95,1.3,8.475,9.775,6,6,9.1,9.125,1.4,RIGHT,1.3,1.3,OK,
지하철,2,1,1.225,0.35,1.575,6.95,1.3,8.525,9.825,6,6,9.1,9.175,1.4,RIGHT,1.3,1.3,OK,
지하철,2,1,1.225,0.35,1.575,6.95,1.3,8.525,9.825,7,7,10.5,9.175,0.175,LEFT,1.3,1.3,OK,
지하철,3,8,0,-0.35,-0.35,11.75,1.3,11.4,12.7,9,9,11.9,12.05,1.225,RIGHT,1.3,1.3,OK,
지하철,3,8,0,-0.35,-0.35,11.75,1.3,11.4,12.7,10,10,13.3,12.05,0.175,LEFT,1.3,1.3,OK,
지하철,3,8,0,-0.3,-0.3,11.75,1.3,11.45,12.75,9,9,11.9,12.1,1.225,RIGHT,1.3,1.3,OK,
지하철,3,8,0,-0.3,-0.3,11.75,1.3,11.45,12.75,10,10,13.3,12.1,0.175,LEFT,1.3,1.3,OK,
지하철,3,8,0,-0.25,-0.25,11.75,1.3,11.5,12.8,9,9,11.9,12.15,1.225,RIGHT,1.3,1.3,OK,
지하철,3,8,0,-0.25,-0.25,11.75,1.3,11.5,12.8,10,10,13.3,12.15,0.35,LEFT,1.3,1.3,OK,
지하철,3,8,0,-0.2,-0.2,11.75,1.3,11.55,12.85,9,9,11.9,12.2,1.05,RIGHT,1.3,1.3,OK,
지하철,3,8,0,-0.2,-0.2,11.75,1.3,11.55,12.85,10,10,13.3,12.2,0.35,LEFT,1.3,1.3,OK,
지하철,3,8,0,-0.15,-0.15,11.75,1.3,11.6,12.9,9,9,11.9,12.25,1.05,RIGHT,1.3,1.3,OK,
지하철,3,8,0,-0.15,-0.15,11.75,1.3,11.6,12.9,10,10,13.3,12.25,0.35,LEFT,1.3,1.3,OK,
지하철,3,8,0,-0.1,-0.1,11.75,1.3,11.65,12.95,9,9,11.9,12.3,1.05,RIGHT,1.3,1.3,OK,
지하철,3,8,0,-0.1,-0.1,11.75,1.3,11.65,12.95,10,10,13.3,12.3,0.35,LEFT,1.3,1.3,OK,
지하철,3,8,0,-0.05,-0.05,11.75,1.3,11.7,13,9,9,11.9,12.35,1.05,RIGHT,1.3,1.3,OK,
지하철,3,8,0,-0.05,-0.05,11.75,1.3,11.7,13,10,10,13.3,12.35,0.525,LEFT,1.3,1.3,OK,
지하철,3,8,0,0,0,11.75,1.3,11.75,13.05,9,9,11.9,12.4,0.875,RIGHT,1.3,1.3,OK,
지하철,3,8,0,0,0,11.75,1.3,11.75,13.05,10,10,13.3,12.4,0.525,LEFT,1.3,1.3,OK,
지하철,3,8,0,0.05,0.05,11.75,1.3,11.8,13.1,9,9,11.9,12.45,0.875,RIGHT,1.3,1.3,OK,
지하철,3,8,0,0.05,0.05,11.75,1.3,11.8,13.1,10,10,13.3,12.45,0.525,LEFT,1.3,1.3,OK,
지하철,3,8,0,0.1,0.1,11.75,1.3,11.85,13.15,9,9,11.9,12.5,0.875,RIGHT,1.3,1.3,OK,
지하철,3,8,0,0.1,0.1,11.75,1.3,11.85,13.15,10,10,13.3,12.5,0.7,LEFT,1.3,1.3,OK,
지하철,3,8,0,0.15,0.15,11.75,1.3,11.9,13.2,9,9,11.9,12.55,0.7,RIGHT,1.3,1.3,OK,
지하철,3,8,0,0.15,0.15,11.75,1.3,11.9,13.2,10,10,13.3,12.55,0.7,LEFT,1.3,1.3,OK,
지하철,3,8,0,0.2,0.2,11.75,1.3,11.95,13.25,9,9,11.9,12.6,0.7,RIGHT,1.3,1.3,OK,
지하철,3,8,0,0.2,0.2,11.75,1.3,11.95,13.25,10,10,13.3,12.6,0.7,LEFT,1.3,1.3,OK,
지하철,3,8,0,0.25,0.25,11.75,1.3,12,13.3,9,9,11.9,12.65,0.7,RIGHT,1.3,1.3,OK,
지하철,3,8,0,0.25,0.25,11.75,1.3,12,13.3,10,10,13.3,12.65,0.7,LEFT,1.3,1.3,OK,
지하철,3,8,0,0.3,0.3,11.75,1.3,12.05,13.35,9,9,11.9,12.7,0.7,RIGHT,1.3,1.3,OK,
지하철,3,8,0,0.3,0.3,11.75,1.3,12.05,13.35,10,10,13.3,12.7,0.875,LEFT,1.3,1.3,OK,
지하철,3,8,0,0.35,0.35,11.75,1.3,12.1,13.4,9,9,11.9,12.75,0.525,RIGHT,1.3,1.3,OK,
지하철,3,8,0,0.35,0.35,11.75,1.3,12.1,13.4,10,10,13.3,12.75,0.875,LEFT,1.3,1.3,OK,
지하철,3,7,0.175,-0.35,-0.175,11.75,1.3,11.575,12.875,9,9,11.9,12.225,1.05,RIGHT,1.3,1.3,OK,
지하철,3,7,0.175,-0.35,-0.175,11.75,1.3,11.575,12.875,10,10,13.3,12.225,0.35,LEFT,1.3,1.3,OK,
지하철,3,7,0.175,-0.3,-0.125,11.75,1.3,11.625,12.925,9,9,11.9,12.275,1.05,RIGHT,1.3,1.3,OK,
지하철,3,7,0.175,-0.3,-0.125,11.75,1.3,11.625,12.925,10,10,13.3,12.275,0.35,LEFT,1.3,1.3,OK,
지하철,3,7,0.175,-0.25,-0.075,11.75,1.3,11.675,12.975,9,9,11.9,12.325,1.05,RIGHT,1.3,1.3,OK,
지하철,3,7,0.175,-0.25,-0.075,11.75,1.3,11.675,12.975,10,10,13.3,12.325,0.525,LEFT,1.3,1.3,OK,
지하철,3,7,0.175,-0.2,-0.025,11.75,1.3,11.725,13.025,9,9,11.9,12.375,0.875,RIGHT,1.3,1.3,OK,
지하철,3,7,0.175,-0.2,-0.025,11.75,1.3,11.725,13.025,10,10,13.3,12.375,0.525,LEFT,1.3,1.3,OK,
지하철,3,7,0.175,-0.15,0.025,11.75,1.3,11.775,13.075,9,9,11.9,12.425,0.875,RIGHT,1.3,1.3,OK,
지하철,3,7,0.175,-0.15,0.025,11.75,1.3,11.775,13.075,10,10,13.3,12.425,0.525,LEFT,1.3,1.3,OK,
지하철,3,7,0.175,-0.1,0.075,11.75,1.3,11.825,13.125,9,9,11.9,12.475,0.875,RIGHT,1.3,1.3,OK,
지하철,3,7,0.175,-0.1,0.075,11.75,1.3,11.825,13.125,10,10,13.3,12.475,0.525,LEFT,1.3,1.3,OK,
지하철,3,7,0.175,-0.05,0.125,11.75,1.3,11.875,13.175,9,9,11.9,12.525,0.875,RIGHT,1.3,1.3,OK,
지하철,3,7,0.175,-0.05,0.125,11.75,1.3,11.875,13.175,10,10,13.3,12.525,0.7,LEFT,1.3,1.3,OK,
지하철,3,7,0.175,0,0.175,11.75,1.3,11.925,13.225,9,9,11.9,12.575,0.7,RIGHT,1.3,1.3,OK,
지하철,3,7,0.175,0,0.175,11.75,1.3,11.925,13.225,10,10,13.3,12.575,0.7,LEFT,1.3,1.3,OK,
지하철,3,7,0.175,0.05,0.225,11.75,1.3,11.975,13.275,9,9,11.9,12.625,0.7,RIGHT,1.3,1.3,OK,
지하철,3,7,0.175,0.05,0.225,11.75,1.3,11.975,13.275,10,10,13.3,12.625,0.7,LEFT,1.3,1.3,OK,
지하철,3,7,0.175,0.1,0.275,11.75,1.3,12.025,13.325,9,9,11.9,12.675,0.7,RIGHT,1.3,1.3,OK,
지하철,3,7,0.175,0.1,0.275,11.75,1.3,12.025,13.325,10,10,13.3,12.675,0.875,LEFT,1.3,1.3,OK,
지하철,3,7,0.175,0.15,0.325,11.75,1.3,12.075,13.375,9,9,11.9,12.725,0.525,RIGHT,1.3,1.3,OK,
지하철,3,7,0.175,0.15,0.325,11.75,1.3,12.075,13.375,10,10,13.3,12.725,0.875,LEFT,1.3,1.3,OK,
지하철,3,7,0.175,0.2,0.375,11.75,1.3,12.125,13.425,9,9,11.9,12.775,0.525,RIGHT,1.3,1.3,OK,
지하철,3,7,0.175,0.2,0.375,11.75,1.3,12.125,13.425,10,10,13.3,12.775,0.875,LEFT,1.3,1.3,OK,
지하철,3,7,0.175,0.25,0.425,11.75,1.3,12.175,13.475,9,9,11.9,12.825,0.525,RIGHT,1.3,1.3,OK,
지하철,3,7,0.175,0.25,0.425,11.75,1.3,12.175,13.475,10,10,13.3,12.825,0.875,LEFT,1.3,1.3,OK,
지하철,3,7,0.175,0.3,0.475,11.75,1.3,12.225,13.525,9,9,11.9,12.875,0.525,RIGHT,1.3,1.3,OK,
지하철,3,7,0.175,0.3,0.475,11.75,1.3,12.225,13.525,10,10,13.3,12.875,1.05,LEFT,1.3,1.3,OK,
지하철,3,7,0.175,0.35,0.525,11.75,1.3,12.275,13.575,9,9,11.9,12.925,0.35,RIGHT,1.3,1.3,OK,
지하철,3,7,0.175,0.35,0.525,11.75,1.3,12.275,13.575,10,10,13.3,12.925,1.05,LEFT,1.3,1.3,OK,
지하철,3,6,0.35,-0.35,0,11.75,1.3,11.75,13.05,9,9,11.9,12.4,0.875,RIGHT,1.3,1.3,OK,
지하철,3,6,0.35,-0.35,0,11.75,1.3,11.75,13.05,10,10,13.3,12.4,0.525,LEFT,1.3,1.3,OK,
지하철,3,6,0.35,-0.3,0.05,11.75,1.3,11.8,13.1,9,9,11.9,12.45,0.875,RIGHT,1.3,1.3,OK,
지하철,3,6,0.35,-0.3,0.05,11.75,1.3,11.8,13.1,10,10,13.3,12.45,0.525,LEFT,1.3,1.3,OK,
지하철,3,6,0.35,-0.25,0.1,11.75,1.3,11.85,13.15,9,9,11.9,12.5,0.875,RIGHT,1.3,1.3,OK,
지하철,3,6,0.35,-0.25,0.1,11.75,1.3,11.85,13.15,10,10,13.3,12.5,0.7,LEFT,1.3,1.3,OK,
지하철,3,6,0.35,-0.2,0.15,11.75,1.3,11.9,13.2,9,9,11.9,12.55,0.7,RIGHT,1.3,1.3,OK,
지하철,3,6,0.35,-0.2,0.15,11.75,1.3,11.9,13.2,10,10,13.3,12.55,0.7,LEFT,1.3,1.3,OK,
지하철,3,6,0.35,-0.15,0.2,11.75,1.3,11.95,13.25,9,9,11.9,12.6,0.7,RIGHT,1.3,1.3,OK,
지하철,3,6,0.35,-0.15,0.2,11.75,1.3,11.95,13.25,10,10,13.3,12.6,0.7,LEFT,1.3,1.3,OK,
지하철,3,6,0.35,-0.1,0.25,11.75,1.3,12,13.3,9,9,11.9,12.65,0.7,RIGHT,1.3,1.3,OK,
지하철,3,6,0.35,-0.1,0.25,11.75,1.3,12,13.3,10,10,13.3,12.65,0.7,LEFT,1.3,1.3,OK,
지하철,3,6,0.35,-0.05,0.3,11.75,1.3,12.05,13.35,9,9,11.9,12.7,0.7,RIGHT,1.3,1.3,OK,
지하철,3,6,0.35,-0.05,0.3,11.75,1.3,12.05,13.35,10,10,13.3,12.7,0.875,LEFT,1.3,1.3,OK,
지하철,3,6,0.35,0,0.35,11.75,1.3,12.1,13.4,9,9,11.9,12.75,0.525,RIGHT,1.3,1.3,OK,
지하철,3,6,0.35,0,0.35,11.75,1.3,12.1,13.4,10,10,13.3,12.75,0.875,LEFT,1.3,1.3,OK,
지하철,3,6,0.35,0.05,0.4,11.75,1.3,12.15,13.45,9,9,11.9,12.8,0.525,RIGHT,1.3,1.3,OK,
지하철,3,6,0.35,0.05,0.4,11.75,1.3,12.15,13.45,10,10,13.3,12.8,0.875,LEFT,1.3,1.3,OK,
지하철,3,6,0.35,0.1,0.45,11.75,1.3,12.2,13.5,9,9,11.9,12.85,0.525,RIGHT,1.3,1.3,OK,
지하철,3,6,0.35,0.1,0.45,11.75,1.3,12.2,13.5,10,10,13.3,12.85,1.05,LEFT,1.3,1.3,OK,
지하철,3,6,0.35,0.15,0.5,11.75,1.3,12.25,13.55,9,9,11.9,12.9,0.35,RIGHT,1.3,1.3,OK,
지하철,3,6,0.35,0.15,0.5,11.75,1.3,12.25,13.55,10,10,13.3,12.9,1.05,LEFT,1.3,1.3,OK,
지하철,3,6,0.35,0.2,0.55,11.75,1.3,12.3,13.6,9,9,11.9,12.95,0.35,RIGHT,1.3,1.3,OK,
지하철,3,6,0.35,0.2,0.55,11.75,1.3,12.3,13.6,10,10,13.3,12.95,1.05,LEFT,1.3,1.3,OK,
지하철,3,6,0.35,0.25,0.6,11.75,1.3,12.35,13.65,9,9,11.9,13,0.35,RIGHT,1.3,1.3,OK,
지하철,3,6,0.35,0.25,0.6,11.75,1.3,12.35,13.65,10,10,13.3,13,1.05,LEFT,1.3,1.3,OK,
지하철,3,6,0.35,0.3,0.65,11.75,1.3,12.4,13.7,9,9,11.9,13.05,0.35,RIGHT,1.3,1.3,OK,
지하철,3,6,0.35,0.3,0.65,11.75,1.3,12.4,13.7,10,10,13.3,13.05,1.225,LEFT,1.3,1.3,OK,
지하철,3,6,0.35,0.35,0.7,11.75,1.3,12.45,13.75,9,9,11.9,13.1,0.175,RIGHT,1.3,1.3,OK,
지하철,3,6,0.35,0.35,0.7,11.75,1.3,12.45,13.75,10,10,13.3,13.1,1.225,LEFT,1.3,1.3,OK,
지하철,3,5,0.525,-0.35,0.175,11.75,1.3,11.925,13.225,9,9,11.9,12.575,0.7,RIGHT,1.3,1.3,OK,
지하철,3,5,0.525,-0.35,0.175,11.75,1.3,11.925,13.225,10,10,13.3,12.575,0.7,LEFT,1.3,1.3,OK,
지하철,3,5,0.525,-0.3,0.225,11.75,1.3,11.975,13.275,9,9,11.9,12.625,0.7,RIGHT,1.3,1.3,OK,
지하철,3,5,0.525,-0.3,0.225,11.75,1.3,11.975,13.275,10,10,13.3,12.625,0.7,LEFT,1.3,1.3,OK,
지하철,3,5,0.525,-0.25,0.275,11.75,1.3,12.025,13.325,9,9,11.9,12.675,0.7,RIGHT,1.3,1.3,OK,
지하철,3,5,0.525,-0.25,0.275,11.75,1.3,12.025,13.325,10,10,13.3,12.675,0.875,LEFT,1.3,1.3,OK,
지하철,3,5,0.525,-0.2,0.325,11.75,1.3,12.075,13.375,9,9,11.9,12.725,0.525,RIGHT,1.3,1.3,OK,
지하철,3,5,0.525,-0.2,0.325,11.75,1.3,12.075,13.375,10,10,13.3,12.725,0.875,LEFT,1.3,1.3,OK,
지하철,3,5,0.525,-0.15,0.375,11.75,1.3,12.125,13.425,9,9,11.9,12.775,0.525,RIGHT,1.3,1.3,OK,
지하철,3,5,0.525,-0.15,0.375,11.75,1.3,12.125,13.425,10,10,13.3,12.775,0.875,LEFT,1.3,1.3,OK,
지하철,3,5,0.525,-0.1,0.425,11.75,1.3,12.175,13.475,9,9,11.9,12.825,0.525,RIGHT,1.3,1.3,OK,
지하철,3,5,0.525,-0.1,0.425,11.75,1.3,12.175,13.475,10,10,13.3,12.825,0.875,LEFT,1.3,1.3,OK,
지하철,3,5,0.525,-0.05,0.475,11.75,1.3,12.225,13.525,9,9,11.9,12.875,0.525,RIGHT,1.3,1.3,OK,
지하철,3,5,0.525,-0.05,0.475,11.75,1.3,12.225,13.525,10,10,13.3,12.875,1.05,LEFT,1.3,1.3,OK,
지하철,3,5,0.525,0,0.525,11.75,1.3,12.275,13.575,9,9,11.9,12.925,0.35,RIGHT,1.3,1.3,OK,
지하철,3,5,0.525,0,0.525,11.75,1.3,12.275,13.575,10,10,13.3,12.925,1.05,LEFT,1.3,1.3,OK,
지하철,3,5,0.525,0.05,0.575,11.75,1.3,12.325,13.625,9,9,11.9,12.975,0.35,RIGHT,1.3,1.3,OK,
지하철,3,5,0.525,0.05,0.575,11.75,1.3,12.325,13.625,10,10,13.3,12.975,1.05,LEFT,1.3,1.3,OK,
지하철,3,5,0.525,0.1,0.625,11.75,1.3,12.375,13.675,9,9,11.9,13.025,0.35,RIGHT,1.3,1.3,OK,
지하철,3,5,0.525,0.1,0.625,11.75,1.3,12.375,13.675,10,10,13.3,13.025,1.225,LEFT,1.3,1.3,OK,
지하철,3,5,0.525,0.15,0.675,11.75,1.3,12.425,13.725,9,9,11.9,13.075,0.175,RIGHT,1.3,1.3,OK,
지하철,3,5,0.525,0.15,0.675,11.75,1.3,12.425,13.725,10,10,13.3,13.075,1.225,LEFT,1.3,1.3,OK,
지하철,3,5,0.525,0.2,0.725,11.75,1.3,12.475,13.775,9,9,11.9,13.125,0.175,RIGHT,1.3,1.3,OK,
지하철,3,5,0.525,0.2,0.725,11.75,1.3,12.475,13.775,10,10,13.3,13.125,1.225,LEFT,1.3,1.3,OK,
지하철,3,5,0.525,0.25,0.775,11.75,1.3,12.525,13.825,9,9,11.9,13.175,0.175,RIGHT,1.3,1.3,OK,
지하철,3,5,0.525,0.25,0.775,11.75,1.3,12.525,13.825,10,10,13.3,13.175,1.225,LEFT,1.3,1.3,OK,
지하철,3,5,0.525,0.3,0.825,11.75,1.3,12.575,13.875,9,9,11.9,13.225,0.175,RIGHT,1.3,1.3,OK,
지하철,3,5,0.525,0.3,0.825,11.75,1.3,12.575,13.875,10,10,13.3,13.225,1.4,LEFT,1.3,1.3,OK,
지하철,3,5,0.525,0.35,0.875,11.75,1.3,12.625,13.925,10,10,13.3,13.275,1.4,LEFT,1.3,1.3,OK,
지하철,3,4,0.7,-0.35,0.35,11.75,1.3,12.1,13.4,9,9,11.9,12.75,0.525,RIGHT,1.3,1.3,OK,
지하철,3,4,0.7,-0.35,0.35,11.75,1.3,12.1,13.4,10,10,13.3,12.75,0.875,LEFT,1.3,1.3,OK,
지하철,3,4,0.7,-0.3,0.4,11.75,1.3,12.15,13.45,9,9,11.9,12.8,0.525,RIGHT,1.3,1.3,OK,
지하철,3,4,0.7,-0.3,0.4,11.75,1.3,12.15,13.45,10,10,13.3,12.8,0.875,LEFT,1.3,1.3,OK,
지하철,3,4,0.7,-0.25,0.45,11.75,1.3,12.2,13.5,9,9,11.9,12.85,0.525,RIGHT,1.3,1.3,OK,
지하철,3,4,0.7,-0.25,0.45,11.75,1.3,12.2,13.5,10,10,13.3,12.85,1.05,LEFT,1.3,1.3,OK,
지하철,3,4,0.7,-0.2,0.5,11.75,1.3,12.25,13.55,9,9,11.9,12.9,0.35,RIGHT,1.3,1.3,OK,
지하철,3,4,0.7,-0.2,0.5,11.75,1.3,12.25,13.55,10,10,13.3,12.9,1.05,LEFT,1.3,1.3,OK,
지하철,3,4,0.7,-0.15,0.55,11.75,1.3,12.3,13.6,9,9,11.9,12.95,0.35,RIGHT,1.3,1.3,OK,
지하철,3,4,0.7,-0.15,0.55,11.75,1.3,12.3,13.6,10,10,13.3,12.95,1.05,LEFT,1.3,1.3,OK,
지하철,3,4,0.7,-0.1,0.6,11.75,1.3,12.35,13.65,9,9,11.9,13,0.35,RIGHT,1.3,1.3,OK,
지하철,3,4,0.7,-0.1,0.6,11.75,1.3,12.35,13.65,10,10,13.3,13,1.05,LEFT,1.3,1.3,OK,
지하철,3,4,0.7,-0.05,0.65,11.75,1.3,12.4,13.7,9,9,11.9,13.05,0.35,RIGHT,1.3,1.3,OK,
지하철,3,4,0.7,-0.05,0.65,11.75,1.3,12.4,13.7,10,10,13.3,13.05,1.225,LEFT,1.3,1.3,OK,
지하철,3,4,0.7,0,0.7,11.75,1.3,12.45,13.75,9,9,11.9,13.1,0.175,RIGHT,1.3,1.3,OK,
지하철,3,4,0.7,0,0.7,11.75,1.3,12.45,13.75,10,10,13.3,13.1,1.225,LEFT,1.3,1.3,OK,
지하철,3,4,0.7,0.05,0.75,11.75,1.3,12.5,13.8,9,9,11.9,13.15,0.175,RIGHT,1.3,1.3,OK,
지하철,3,4,0.7,0.05,0.75,11.75,1.3,12.5,13.8,10,10,13.3,13.15,1.225,LEFT,1.3,1.3,OK,
지하철,3,4,0.7,0.1,0.8,11.75,1.3,12.55,13.85,9,9,11.9,13.2,0.175,RIGHT,1.3,1.3,OK,
지하철,3,4,0.7,0.1,0.8,11.75,1.3,12.55,13.85,10,10,13.3,13.2,1.4,LEFT,1.3,1.3,OK,
지하철,3,4,0.7,0.15,0.85,11.75,1.3,12.6,13.9,10,10,13.3,13.25,1.4,LEFT,1.3,1.3,OK,
지하철,3,4,0.7,0.2,0.9,11.75,1.3,12.65,13.95,10,10,13.3,13.3,1.4,RIGHT,1.3,1.3,OK,
지하철,3,4,0.7,0.25,0.95,11.75,1.3,12.7,14,10,10,13.3,13.35,1.4,RIGHT,1.3,1.3,OK,
지하철,3,4,0.7,0.3,1,11.75,1.3,12.75,14.05,10,10,13.3,13.4,1.4,RIGHT,1.3,1.3,OK,
지하철,3,4,0.7,0.3,1,11.75,1.3,12.75,14.05,11,11,14.7,13.4,0.175,LEFT,1.3,1.3,OK,
지하철,3,4,0.7,0.35,1.05,11.75,1.3,12.8,14.1,10,10,13.3,13.45,1.225,RIGHT,1.3,1.3,OK,
지하철,3,4,0.7,0.35,1.05,11.75,1.3,12.8,14.1,11,11,14.7,13.45,0.175,LEFT,1.3,1.3,OK,
지하철,3,3,0.875,-0.35,0.525,11.75,1.3,12.275,13.575,9,9,11.9,12.925,0.35,RIGHT,1.3,1.3,OK,
지하철,3,3,0.875,-0.35,0.525,11.75,1.3,12.275,13.575,10,10,13.3,12.925,1.05,LEFT,1.3,1.3,OK,
지하철,3,3,0.875,-0.3,0.575,11.75,1.3,12.325,13.625,9,9,11.9,12.975,0.35,RIGHT,1.3,1.3,OK,
지하철,3,3,0.875,-0.3,0.575,11.75,1.3,12.325,13.625,10,10,13.3,12.975,1.05,LEFT,1.3,1.3,OK,
지하철,3,3,0.875,-0.25,0.625,11.75,1.3,12.375,13.675,9,9,11.9,13.025,0.35,RIGHT,1.3,1.3,OK,
지하철,3,3,0.875,-0.25,0.625,11.75,1.3,12.375,13.675,10,10,13.3,13.025,1.225,LEFT,1.3,1.3,OK,
지하철,3,3,0.875,-0.2,0.675,11.75,1.3,12.425,13.725,9,9,11.9,13.075,0.175,RIGHT,1.3,1.3,OK,
지하철,3,3,0.875,-0.2,0.675,11.75,1.3,12.425,13.725,10,10,13.3,13.075,1.225,LEFT,1.3,1.3,OK,
지하철,3,3,0.875,-0.15,0.725,11.75,1.3,12.475,13.775,9,9,11.9,13.125,0.175,RIGHT,1.3,1.3,OK,
지하철,3,3,0.875,-0.15,0.725,11.75,1.3,12.475,13.775,10,10,13.3,13.125,1.225,LEFT,1.3,1.3,OK,
지하철,3,3,0.875,-0.1,0.775,11.75,1.3,12.525,13.825,9,9,11.9,13.175,0.175,RIGHT,1.3,1.3,OK,
지하철,3,3,0.875,-0.1,0.775,11.75,1.3,12.525,13.825,10,10,13.3,13.175,1.225,LEFT,1.3,1.3,OK,
지하철,3,3,0.875,-0.05,0.825,11.75,1.3,12.575,13.875,9,9,11.9,13.225,0.175,RIGHT,1.3,1.3,OK,
지하철,3,3,0.875,-0.05,0.825,11.75,1.3,12.575,13.875,10,10,13.3,13.225,1.4,LEFT,1.3,1.3,OK,
지하철,3,3,0.875,0,0.875,11.75,1.3,12.625,13.925,10,10,13.3,13.275,1.4,LEFT,1.3,1.3,OK,
지하철,3,3,0.875,0.05,0.925,11.75,1.3,12.675,13.975,10,10,13.3,13.325,1.4,RIGHT,1.3,1.3,OK,
지하철,3,3,0.875,0.1,0.975,11.75,1.3,12.725,14.025,10,10,13.3,13.375,1.4,RIGHT,1.3,1.3,OK,
지하철,3,3,0.875,0.1,0.975,11.75,1.3,12.725,14.025,11,11,14.7,13.375,0.175,LEFT,1.3,1.3,OK,
지하철,3,3,0.875,0.15,1.025,11.75,1.3,12.775,14.075,10,10,13.3,13.425,1.225,RIGHT,1.3,1.3,OK,
지하철,3,3,0.875,0.15,1.025,11.75,1.3,12.775,14.075,11,11,14.7,13.425,0.175,LEFT,1.3,1.3,OK,
지하철,3,3,0.875,0.2,1.075,11.75,1.3,12.825,14.125,10,10,13.3,13.475,1.225,RIGHT,1.3,1.3,OK,
지하철,3,3,0.875,0.2,1.075,11.75,1.3,12.825,14.125,11,11,14.7,13.475,0.175,LEFT,1.3,1.3,OK,
지하철,3,3,0.875,0.25,1.125,11.75,1.3,12.875,14.175,10,10,13.3,13.525,1.225,RIGHT,1.3,1.3,OK,
지하철,3,3,0.875,0.25,1.125,11.75,1.3,12.875,14.175,11,11,14.7,13.525,0.175,LEFT,1.3,1.3,OK,
지하철,3,3,0.875,0.3,1.175,11.75,1.3,12.925,14.225,10,10,13.3,13.575,1.225,RIGHT,1.3,1.3,OK,
지하철,3,3,0.875,0.3,1.175,11.75,1.3,12.925,14.225,11,11,14.7,13.575,0.35,LEFT,1.3,1.3,OK,
지하철,3,3,0.875,0.35,1.225,11.75,1.3,12.975,14.275,10,10,13.3,13.625,1.05,RIGHT,1.3,1.3,OK,
지하철,3,3,0.875,0.35,1.225,11.75,1.3,12.975,14.275,11,11,14.7,13.625,0.35,LEFT,1.3,1.3,OK,
지하철,3,2,1.05,-0.35,0.7,11.75,1.3,12.45,13.75,9,9,11.9,13.1,0.175,RIGHT,1.3,1.3,OK,
지하철,3,2,1.05,-0.35,0.7,11.75,1.3,12.45,13.75,10,10,13.3,13.1,1.225,LEFT,1.3,1.3,OK,
지하철,3,2,1.05,-0.3,0.75,11.75,1.3,12.5,13.8,9,9,11.9,13.15,0.175,RIGHT,1.3,1.3,OK,
지하철,3,2,1.05,-0.3,0.75,11.75,1.3,12.5,13.8,10,10,13.3,13.15,1.225,LEFT,1.3,1.3,OK,
지하철,3,2,1.05,-0.25,0.8,11.75,1.3,12.55,13.85,9,9,11.9,13.2,0.175,RIGHT,1.3,1.3,OK,
지하철,3,2,1.05,-0.25,0.8,11.75,1.3,12.55,13.85,10,10,13.3,13.2,1.4,LEFT,1.3,1.3,OK,
지하철,3,2,1.05,-0.2,0.85,11.75,1.3,12.6,13.9,10,10,13.3,13.25,1.4,LEFT,1.3,1.3,OK,
지하철,3,2,1.05,-0.15,0.9,11.75,1.3,12.65,13.95,10,10,13.3,13.3,1.4,RIGHT,1.3,1.3,OK,
지하철,3,2,1.05,-0.1,0.95,11.75,1.3,12.7,14,10,10,13.3,13.35,1.4,RIGHT,1.3,1.3,OK,
지하철,3,2,1.05,-0.05,1,11.75,1.3,12.75,14.05,10,10,13.3,13.4,1.4,RIGHT,1.3,1.3,OK,
지하철,3,2,1.05,-0.05,1,11.75,1.3,12.75,14.05,11,11,14.7,13.4,0.175,LEFT,1.3,1.3,OK,
지하철,3,2,1.05,0,1.05,11.75,1.3,12.8,14.1,10,10,13.3,13.45,1.225,RIGHT,1.3,1.3,OK,
지하철,3,2,1.05,0,1.05,11.75,1.3,12.8,14.1,11,11,14.7,13.45,0.175,LEFT,1.3,1.3,OK,
지하철,3,2,1.05,0.05,1.1,11.75,1.3,12.85,14.15,10,10,13.3,13.5,1.225,RIGHT,1.3,1.3,OK,
지하철,3,2,1.05,0.05,1.1,11.75,1.3,12.85,14.15,11,11,14.7,13.5,0.175,LEFT,1.3,1.3,OK,
지하철,3,2,1.05,0.1,1.15,11.75,1.3,12.9,14.2,10,10,13.3,13.55,1.225,RIGHT,1.3,1.3,OK,
지하철,3,2,1.05,0.1,1.15,11.75,1.3,12.9,14.2,11,11,14.7,13.55,0.35,LEFT,1.3,1.3,OK,
지하철,3,2,1.05,0.15,1.2,11.75,1.3,12.95,14.25,10,10,13.3,13.6,1.05,RIGHT,1.3,1.3,OK,
지하철,3,2,1.05,0.15,1.2,11.75,1.3,12.95,14.25,11,11,14.7,13.6,0.35,LEFT,1.3,1.3,OK,
지하철,3,2,1.05,0.2,1.25,11.75,1.3,13,14.3,10,10,13.3,13.65,1.05,RIGHT,1.3,1.3,OK,
지하철,3,2,1.05,0.2,1.25,11.75,1.3,13,14.3,11,11,14.7,13.65,0.35,LEFT,1.3,1.3,OK,
지하철,3,2,1.05,0.25,1.3,11.75,1.3,13.05,14.35,10,10,13.3,13.7,1.05,RIGHT,1.3,1.3,OK,
지하철,3,2,1.05,0.25,1.3,11.75,1.3,13.05,14.35,11,11,14.7,13.7,0.35,LEFT,1.3,1.3,OK,
지하철,3,2,1.05,0.3,1.35,11.75,1.3,13.1,14.4,10,10,13.3,13.75,1.05,RIGHT,1.3,1.3,OK,
지하철,3,2,1.05,0.3,1.35,11.75,1.3,13.1,14.4,11,11,14.7,13.75,0.525,LEFT,1.3,1.3,OK,
지하철,3,2,1.05,0.35,1.4,11.75,1.3,13.15,14.45,10,10,13.3,13.8,0.875,RIGHT,1.3,1.3,OK,
지하철,3,2,1.05,0.35,1.4,11.75,1.3,13.15,14.45,11,11,14.7,13.8,0.525,LEFT,1.3,1.3,OK,
지하철,3,1,1.225,-0.35,0.875,11.75,1.3,12.625,13.925,10,10,13.3,13.275,1.4,LEFT,1.3,1.3,OK,
지하철,3,1,1.225,-0.3,0.925,11.75,1.3,12.675,13.975,10,10,13.3,13.325,1.4,RIGHT,1.3,1.3,OK,
지하철,3,1,1.225,-0.25,0.975,11.75,1.3,12.725,14.025,10,10,13.3,13.375,1.4,RIGHT,1.3,1.3,OK,
지하철,3,1,1.225,-0.25,0.975,11.75,1.3,12.725,14.025,11,11,14.7,13.375,0.175,LEFT,1.3,1.3,OK,
지하철,3,1,1.225,-0.2,1.025,11.75,1.3,12.775,14.075,10,10,13.3,13.425,1.225,RIGHT,1.3,1.3,OK,
지하철,3,1,1.225,-0.2,1.025,11.75,1.3,12.775,14.075,11,11,14.7,13.425,0.175,LEFT,1.3,1.3,OK,
지하철,3,1,1.225,-0.15,1.075,11.75,1.3,12.825,14.125,10,10,13.3,13.475,1.225,RIGHT,1.3,1.3,OK,
지하철,3,1,1.225,-0.15,1.075,11.75,1.3,12.825,14.125,11,11,14.7,13.475,0.175,LEFT,1.3,1.3,OK,
지하철,3,1,1.225,-0.1,1.125,11.75,1.3,12.875,14.175,10,10,13.3,13.525,1.225,RIGHT,1.3,1.3,OK,
지하철,3,1,1.225,-0.1,1.125,11.75,1.3,12.875,14.175,11,11,14.7,13.525,0.175,LEFT,1.3,1.3,OK,
지하철,3,1,1.225,-0.05,1.175,11.75,1.3,12.925,14.225,10,10,13.3,13.575,1.225,RIGHT,1.3,1.3,OK,
지하철,3,1,1.225,-0.05,1.175,11.75,1.3,12.925,14.225,11,11,14.7,13.575,0.35,LEFT,1.3,1.3,OK,
지하철,3,1,1.225,0,1.225,11.75,1.3,12.975,14.275,10,10,13.3,13.625,1.05,RIGHT,1.3,1.3,OK,
지하철,3,1,1.225,0,1.225,11.75,1.3,12.975,14.275,11,11,14.7,13.625,0.35,LEFT,1.3,1.3,OK,
지하철,3,1,1.225,0.05,1.275,11.75,1.3,13.025,14.325,10,10,13.3,13.675,1.05,RIGHT,1.3,1.3,OK,
지하철,3,1,1.225,0.05,1.275,11.75,1.3,13.025,14.325,11,11,14.7,13.675,0.35,LEFT,1.3,1.3,OK,
지하철,3,1,1.225,0.1,1.325,11.75,1.3,13.075,14.375,10,10,13.3,13.725,1.05,RIGHT,1.3,1.3,OK,
지하철,3,1,1.225,0.1,1.325,11.75,1.3,13.075,14.375,11,11,14.7,13.725,0.525,LEFT,1.3,1.3,OK,
지하철,3,1,1.225,0.15,1.375,11.75,1.3,13.125,14.425,10,10,13.3,13.775,0.875,RIGHT,1.3,1.3,OK,
지하철,3,1,1.225,0.15,1.375,11.75,1.3,13.125,14.425,11,11,14.7,13.775,0.525,LEFT,1.3,1.3,OK,
지하철,3,1,1.225,0.2,1.425,11.75,1.3,13.175,14.475,10,10,13.3,13.825,0.875,RIGHT,1.3,1.3,OK,
지하철,3,1,1.225,0.2,1.425,11.75,1.3,13.175,14.475,11,11,14.7,13.825,0.525,LEFT,1.3,1.3,OK,
지하철,3,1,1.225,0.25,1.475,11.75,1.3,13.225,14.525,10,10,13.3,13.875,0.875,RIGHT,1.3,1.3,OK,
지하철,3,1,1.225,0.25,1.475,11.75,1.3,13.225,14.525,11,11,14.7,13.875,0.525,LEFT,1.3,1.3,OK,
지하철,3,1,1.225,0.3,1.525,11.75,1.3,13.275,14.575,10,10,13.3,13.925,0.875,RIGHT,1.3,1.3,OK,
지하철,3,1,1.225,0.3,1.525,11.75,1.3,13.275,14.575,11,11,14.7,13.925,0.7,LEFT,1.3,1.3,OK,
지하철,3,1,1.225,0.35,1.575,11.75,1.3,13.325,14.625,10,10,13.3,13.975,0.7,RIGHT,1.3,1.3,OK,
지하철,3,1,1.225,0.35,1.575,11.75,1.3,13.325,14.625,11,11,14.7,13.975,0.7,LEFT,1.3,1.3,OK,
지하철,4,8,0,-0.35,-0.35,16.55,1.3,16.2,17.5,12,12,16.1,16.85,0.7,RIGHT,1.3,1.3,OK,
지하철,4,8,0,-0.35,-0.35,16.55,1.3,16.2,17.5,13,13,17.5,16.85,0.7,LEFT,1.3,1.3,OK,
지하철,4,8,0,-0.3,-0.3,16.55,1.3,16.25,17.55,12,12,16.1,16.9,0.7,RIGHT,1.3,1.3,OK,
지하철,4,8,0,-0.3,-0.3,16.55,1.3,16.25,17.55,13,13,17.5,16.9,0.875,LEFT,1.3,1.3,OK,
지하철,4,8,0,-0.25,-0.25,16.55,1.3,16.3,17.6,12,12,16.1,16.95,0.525,RIGHT,1.3,1.3,OK,
지하철,4,8,0,-0.25,-0.25,16.55,1.3,16.3,17.6,13,13,17.5,16.95,0.875,LEFT,1.3,1.3,OK,
지하철,4,8,0,-0.2,-0.2,16.55,1.3,16.35,17.65,12,12,16.1,17,0.525,RIGHT,1.3,1.3,OK,
지하철,4,8,0,-0.2,-0.2,16.55,1.3,16.35,17.65,13,13,17.5,17,0.875,LEFT,1.3,1.3,OK,
지하철,4,8,0,-0.15,-0.15,16.55,1.3,16.4,17.7,12,12,16.1,17.05,0.525,RIGHT,1.3,1.3,OK,
지하철,4,8,0,-0.15,-0.15,16.55,1.3,16.4,17.7,13,13,17.5,17.05,1.05,LEFT,1.3,1.3,OK,
지하철,4,8,0,-0.1,-0.1,16.55,1.3,16.45,17.75,12,12,16.1,17.1,0.35,RIGHT,1.3,1.3,OK,
지하철,4,8,0,-0.1,-0.1,16.55,1.3,16.45,17.75,13,13,17.5,17.1,1.05,LEFT,1.3,1.3,OK,
지하철,4,8,0,-0.05,-0.05,16.55,1.3,16.5,17.8,12,12,16.1,17.15,0.35,RIGHT,1.3,1.3,OK,
지하철,4,8,0,-0.05,-0.05,16.55,1.3,16.5,17.8,13,13,17.5,17.15,1.05,LEFT,1.3,1.3,OK,
지하철,4,8,0,0,0,16.55,1.3,16.55,17.85,12,12,16.1,17.2,0.35,RIGHT,1.3,1.3,OK,
지하철,4,8,0,0,0,16.55,1.3,16.55,17.85,13,13,17.5,17.2,1.05,LEFT,1.3,1.3,OK,
지하철,4,8,0,0.05,0.05,16.55,1.3,16.6,17.9,12,12,16.1,17.25,0.35,RIGHT,1.3,1.3,OK,
지하철,4,8,0,0.05,0.05,16.55,1.3,16.6,17.9,13,13,17.5,17.25,1.225,LEFT,1.3,1.3,OK,
지하철,4,8,0,0.1,0.1,16.55,1.3,16.65,17.95,12,12,16.1,17.3,0.175,RIGHT,1.3,1.3,OK,
지하철,4,8,0,0.1,0.1,16.55,1.3,16.65,17.95,13,13,17.5,17.3,1.225,LEFT,1.3,1.3,OK,
지하철,4,8,0,0.15,0.15,16.55,1.3,16.7,18,12,12,16.1,17.35,0.175,RIGHT,1.3,1.3,OK,
지하철,4,8,0,0.15,0.15,16.55,1.3,16.7,18,13,13,17.5,17.35,1.225,LEFT,1.3,1.3,OK,
지하철,4,8,0,0.2,0.2,16.55,1.3,16.75,18.05,12,12,16.1,17.4,0.175,RIGHT,1.3,1.3,OK,
지하철,4,8,0,0.2,0.2,16.55,1.3,16.75,18.05,13,13,17.5,17.4,1.4,LEFT,1.3,1.3,OK,
지하철,4,8,0,0.25,0.25,16.55,1.3,16.8,18.1,13,13,17.5,17.45,1.4,LEFT,1.3,1.3,OK,
지하철,4,8,0,0.3,0.3,16.55,1.3,16.85,18.15,13,13,17.5,17.5,1.4,RIGHT,1.3,1.3,OK,
지하철,4,8,0,0.35,0.35,16.55,1.3,16.9,18.2,13,13,17.5,17.55,1.4,RIGHT,1.3,1.3,OK,
지하철,4,7,0.175,-0.35,-0.175,16.55,1.3,16.375,17.675,12,12,16.1,17.025,0.525,RIGHT,1.3,1.3,OK,
지하철,4,7,0.175,-0.35,-0.175,16.55,1.3,16.375,17.675,13,13,17.5,17.025,0.875,LEFT,1.3,1.3,OK,
지하철,4,7,0.175,-0.3,-0.125,16.55,1.3,16.425,17.725,12,12,16.1,17.075,0.525,RIGHT,1.3,1.3,OK,
지하철,4,7,0.175,-0.3,-0.125,16.55,1.3,16.425,17.725,13,13,17.5,17.075,1.05,LEFT,1.3,1.3,OK,
지하철,4,7,0.175,-0.25,-0.075,16.55,1.3,16.475,17.775,12,12,16.1,17.125,0.35,RIGHT,1.3,1.3,OK,
지하철,4,7,0.175,-0.25,-0.075,16.55,1.3,16.475,17.775,13,13,17.5,17.125,1.05,LEFT,1.3,1.3,OK,
지하철,4,7,0.175,-0.2,-0.025,16.55,1.3,16.525,17.825,12,12,16.1,17.175,0.35,RIGHT,1.3,1.3,OK,
지하철,4,7,0.175,-0.2,-0.025,16.55,1.3,16.525,17.825,13,13,17.5,17.175,1.05,LEFT,1.3,1.3,OK,
지하철,4,7,0.175,-0.15,0.025,16.55,1.3,16.575,17.875,12,12,16.1,17.225,0.35,RIGHT,1.3,1.3,OK,
지하철,4,7,0.175,-0.15,0.025,16.55,1.3,16.575,17.875,13,13,17.5,17.225,1.225,LEFT,1.3,1.3,OK,
지하철,4,7,0.175,-0.1,0.075,16.55,1.3,16.625,17.925,12,12,16.1,17.275,0.175,RIGHT,1.3,1.3,OK,
지하철,4,7,0.175,-0.1,0.075,16.55,1.3,16.625,17.925,13,13,17.5,17.275,1.225,LEFT,1.3,1.3,OK,
지하철,4,7,0.175,-0.05,0.125,16.55,1.3,16.675,17.975,12,12,16.1,17.325,0.175,RIGHT,1.3,1.3,OK,
지하철,4,7,0.175,-0.05,0.125,16.55,1.3,16.675,17.975,13,13,17.5,17.325,1.225,LEFT,1.3,1.3,OK,
지하철,4,7,0.175,0,0.175,16.55,1.3,16.725,18.025,12,12,16.1,17.375,0.175,RIGHT,1.3,1.3,OK,
지하철,4,7,0.175,0,0.175,16.55,1.3,16.725,18.025,13,13,17.5,17.375,1.225,LEFT,1.3,1.3,OK,
지하철,4,7,0.175,0.05,0.225,16.55,1.3,16.775,18.075,12,12,16.1,17.425,0.175,RIGHT,1.3,1.3,OK,
지하철,4,7,0.175,0.05,0.225,16.55,1.3,16.775,18.075,13,13,17.5,17.425,1.4,LEFT,1.3,1.3,OK,
지하철,4,7,0.175,0.1,0.275,16.55,1.3,16.825,18.125,13,13,17.5,17.475,1.4,LEFT,1.3,1.3,OK,
지하철,4,7,0.175,0.15,0.325,16.55,1.3,16.875,18.175,13,13,17.5,17.525,1.4,RIGHT,1.3,1.3,OK,
지하철,4,7,0.175,0.2,0.375,16.55,1.3,16.925,18.225,13,13,17.5,17.575,1.4,RIGHT,1.3,1.3,OK,
지하철,4,7,0.175,0.2,0.375,16.55,1.3,16.925,18.225,14,14,18.9,17.575,0.175,LEFT,1.3,1.3,OK,
지하철,4,7,0.175,0.25,0.425,16.55,1.3,16.975,18.275,13,13,17.5,17.625,1.225,RIGHT,1.3,1.3,OK,
지하철,4,7,0.175,0.25,0.425,16.55,1.3,16.975,18.275,14,14,18.9,17.625,0.175,LEFT,1.3,1.3,OK,
지하철,4,7,0.175,0.3,0.475,16.55,1.3,17.025,18.325,13,13,17.5,17.675,1.225,RIGHT,1.3,1.3,OK,
지하철,4,7,0.175,0.3,0.475,16.55,1.3,17.025,18.325,14,14,18.9,17.675,0.175,LEFT,1.3,1.3,OK,
지하철,4,7,0.175,0.35,0.525,16.55,1.3,17.075,18.375,13,13,17.5,17.725,1.225,RIGHT,1.3,1.3,OK,
지하철,4,7,0.175,0.35,0.525,16.55,1.3,17.075,18.375,14,14,18.9,17.725,0.175,LEFT,1.3,1.3,OK,
지하철,4,6,0.35,-0.35,0,16.55,1.3,16.55,17.85,12,12,16.1,17.2,0.35,RIGHT,1.3,1.3,OK,
지하철,4,6,0.35,-0.35,0,16.55,1.3,16.55,17.85,13,13,17.5,17.2,1.05,LEFT,1.3,1.3,OK,
지하철,4,6,0.35,-0.3,0.05,16.55,1.3,16.6,17.9,12,12,16.1,17.25,0.35,RIGHT,1.3,1.3,OK,
지하철,4,6,0.35,-0.3,0.05,16.55,1.3,16.6,17.9,13,13,17.5,17.25,1.225,LEFT,1.3,1.3,OK,
지하철,4,6,0.35,-0.25,0.1,16.55,1.3,16.65,17.95,12,12,16.1,17.3,0.175,RIGHT,1.3,1.3,OK,
지하철,4,6,0.35,-0.25,0.1,16.55,1.3,16.65,17.95,13,13,17.5,17.3,1.225,LEFT,1.3,1.3,OK,
지하철,4,6,0.35,-0.2,0.15,16.55,1.3,16.7,18,12,12,16.1,17.35,0.175,RIGHT,1.3,1.3,OK,
지하철,4,6,0.35,-0.2,0.15,16.55,1.3,16.7,18,13,13,17.5,17.35,1.225,LEFT,1.3,1.3,OK,
지하철,4,6,0.35,-0.15,0.2,16.55,1.3,16.75,18.05,12,12,16.1,17.4,0.175,RIGHT,1.3,1.3,OK,
지하철,4,6,0.35,-0.15,0.2,16.55,1.3,16.75,18.05,13,13,17.5,17.4,1.4,LEFT,1.3,1.3,OK,
지하철,4,6,0.35,-0.1,0.25,16.55,1.3,16.8,18.1,13,13,17.5,17.45,1.4,LEFT,1.3,1.3,OK,
지하철,4,6,0.35,-0.05,0.3,16.55,1.3,16.85,18.15,13,13,17.5,17.5,1.4,RIGHT,1.3,1.3,OK,
지하철,4,6,0.35,0,0.35,16.55,1.3,16.9,18.2,13,13,17.5,17.55,1.4,RIGHT,1.3,1.3,OK,
지하철,4,6,0.35,0.05,0.4,16.55,1.3,16.95,18.25,13,13,17.5,17.6,1.4,RIGHT,1.3,1.3,OK,
지하철,4,6,0.35,0.05,0.4,16.55,1.3,16.95,18.25,14,14,18.9,17.6,0.175,LEFT,1.3,1.3,OK,
지하철,4,6,0.35,0.1,0.45,16.55,1.3,17,18.3,13,13,17.5,17.65,1.225,RIGHT,1.3,1.3,OK,
지하철,4,6,0.35,0.1,0.45,16.55,1.3,17,18.3,14,14,18.9,17.65,0.175,LEFT,1.3,1.3,OK,
지하철,4,6,0.35,0.15,0.5,16.55,1.3,17.05,18.35,13,13,17.5,17.7,1.225,RIGHT,1.3,1.3,OK,
지하철,4,6,0.35,0.15,0.5,16.55,1.3,17.05,18.35,14,14,18.9,17.7,0.175,LEFT,1.3,1.3,OK,
지하철,4,6,0.35,0.2,0.55,16.55,1.3,17.1,18.4,13,13,17.5,17.75,1.225,RIGHT,1.3,1.3,OK,
지하철,4,6,0.35,0.2,0.55,16.55,1.3,17.1,18.4,14,14,18.9,17.75,0.35,LEFT,1.3,1.3,OK,
지하철,4,6,0.35,0.25,0.6,16.55,1.3,17.15,18.45,13,13,17.5,17.8,1.05,RIGHT,1.3,1.3,OK,
지하철,4,6,0.35,0.25,0.6,16.55,1.3,17.15,18.45,14,14,18.9,17.8,0.35,LEFT,1.3,1.3,OK,
지하철,4,6,0.35,0.3,0.65,16.55,1.3,17.2,18.5,13,13,17.5,17.85,1.05,RIGHT,1.3,1.3,OK,
지하철,4,6,0.35,0.3,0.65,16.55,1.3,17.2,18.5,14,14,18.9,17.85,0.35,LEFT,1.3,1.3,OK,
지하철,4,6,0.35,0.35,0.7,16.55,1.3,17.25,18.55,13,13,17.5,17.9,1.05,RIGHT,1.3,1.3,OK,
지하철,4,6,0.35,0.35,0.7,16.55,1.3,17.25,18.55,14,14,18.9,17.9,0.35,LEFT,1.3,1.3,OK,
지하철,4,5,0.525,-0.35,0.175,16.55,1.3,16.725,18.025,12,12,16.1,17.375,0.175,RIGHT,1.3,1.3,OK,
지하철,4,5,0.525,-0.35,0.175,16.55,1.3,16.725,18.025,13,13,17.5,17.375,1.225,LEFT,1.3,1.3,OK,
지하철,4,5,0.525,-0.3,0.225,16.55,1.3,16.775,18.075,12,12,16.1,17.425,0.175,RIGHT,1.3,1.3,OK,
지하철,4,5,0.525,-0.3,0.225,16.55,1.3,16.775,18.075,13,13,17.5,17.425,1.4,LEFT,1.3,1.3,OK,
지하철,4,5,0.525,-0.25,0.275,16.55,1.3,16.825,18.125,13,13,17.5,17.475,1.4,LEFT,1.3,1.3,OK,
지하철,4,5,0.525,-0.2,0.325,16.55,1.3,16.875,18.175,13,13,17.5,17.525,1.4,RIGHT,1.3,1.3,OK,
지하철,4,5,0.525,-0.15,0.375,16.55,1.3,16.925,18.225,13,13,17.5,17.575,1.4,RIGHT,1.3,1.3,OK,
지하철,4,5,0.525,-0.15,0.375,16.55,1.3,16.925,18.225,14,14,18.9,17.575,0.175,LEFT,1.3,1.3,OK,
지하철,4,5,0.525,-0.1,0.425,16.55,1.3,16.975,18.275,13,13,17.5,17.625,1.225,RIGHT,1.3,1.3,OK,
지하철,4,5,0.525,-0.1,0.425,16.55,1.3,16.975,18.275,14,14,18.9,17.625,0.175,LEFT,1.3,1.3,OK,
지하철,4,5,0.525,-0.05,0.475,16.55,1.3,17.025,18.325,13,13,17.5,17.675,1.225,RIGHT,1.3,1.3,OK,
지하철,4,5,0.525,-0.05,0.475,16.55,1.3,17.025,18.325,14,14,18.9,17.675,0.175,LEFT,1.3,1.3,OK,
지하철,4,5,0.525,0,0.525,16.55,1.3,17.075,18.375,13,13,17.5,17.725,1.225,RIGHT,1.3,1.3,OK,
지하철,4,5,0.525,0,0.525,16.55,1.3,17.075,18.375,14,14,18.9,17.725,0.175,LEFT,1.3,1.3,OK,
지하철,4,5,0.525,0.05,0.575,16.55,1.3,17.125,18.425,13,13,17.5,17.775,1.225,RIGHT,1.3,1.3,OK,
지하철,4,5,0.525,0.05,0.575,16.55,1.3,17.125,18.425,14,14,18.9,17.775,0.35,LEFT,1.3,1.3,OK,
지하철,4,5,0.525,0.1,0.625,16.55,1.3,17.175,18.475,13,13,17.5,17.825,1.05,RIGHT,1.3,1.3,OK,
지하철,4,5,0.525,0.1,0.625,16.55,1.3,17.175,18.475,14,14,18.9,17.825,0.35,LEFT,1.3,1.3,OK,
지하철,4,5,0.525,0.15,0.675,16.55,1.3,17.225,18.525,13,13,17.5,17.875,1.05,RIGHT,1.3,1.3,OK,
지하철,4,5,0.525,0.15,0.675,16.55,1.3,17.225,18.525,14,14,18.9,17.875,0.35,LEFT,1.3,1.3,OK,
지하철,4,5,0.525,0.2,0.725,16.55,1.3,17.275,18.575,13,13,17.5,17.925,1.05,RIGHT,1.3,1.3,OK,
지하철,4,5,0.525,0.2,0.725,16.55,1.3,17.275,18.575,14,14,18.9,17.925,0.525,LEFT,1.3,1.3,OK,
지하철,4,5,0.525,0.25,0.775,16.55,1.3,17.325,18.625,13,13,17.5,17.975,0.875,RIGHT,1.3,1.3,OK,
지하철,4,5,0.525,0.25,0.775,16.55,1.3,17.325,18.625,14,14,18.9,17.975,0.525,LEFT,1.3,1.3,OK,
지하철,4,5,0.525,0.3,0.825,16.55,1.3,17.375,18.675,13,13,17.5,18.025,0.875,RIGHT,1.3,1.3,OK,
지하철,4,5,0.525,0.3,0.825,16.55,1.3,17.375,18.675,14,14,18.9,18.025,0.525,LEFT,1.3,1.3,OK,
지하철,4,5,0.525,0.35,0.875,16.55,1.3,17.425,18.725,13,13,17.5,18.075,0.875,RIGHT,1.3,1.3,OK,
지하철,4,5,0.525,0.35,0.875,16.55,1.3,17.425,18.725,14,14,18.9,18.075,0.525,LEFT,1.3,1.3,OK,
지하철,4,4,0.7,-0.35,0.35,16.55,1.3,16.9,18.2,13,13,17.5,17.55,1.4,RIGHT,1.3,1.3,OK,
지하철,4,4,0.7,-0.3,0.4,16.55,1.3,16.95,18.25,13,13,17.5,17.6,1.4,RIGHT,1.3,1.3,OK,
지하철,4,4,0.7,-0.3,0.4,16.55,1.3,16.95,18.25,14,14,18.9,17.6,0.175,LEFT,1.3,1.3,OK,
지하철,4,4,0.7,-0.25,0.45,16.55,1.3,17,18.3,13,13,17.5,17.65,1.225,RIGHT,1.3,1.3,OK,
지하철,4,4,0.7,-0.25,0.45,16.55,1.3,17,18.3,14,14,18.9,17.65,0.175,LEFT,1.3,1.3,OK,
지하철,4,4,0.7,-0.2,0.5,16.55,1.3,17.05,18.35,13,13,17.5,17.7,1.225,RIGHT,1.3,1.3,OK,
지하철,4,4,0.7,-0.2,0.5,16.55,1.3,17.05,18.35,14,14,18.9,17.7,0.175,LEFT,1.3,1.3,OK,
지하철,4,4,0.7,-0.15,0.55,16.55,1.3,17.1,18.4,13,13,17.5,17.75,1.225,RIGHT,1.3,1.3,OK,
지하철,4,4,0.7,-0.15,0.55,16.55,1.3,17.1,18.4,14,14,18.9,17.75,0.35,LEFT,1.3,1.3,OK,
지하철,4,4,0.7,-0.1,0.6,16.55,1.3,17.15,18.45,13,13,17.5,17.8,1.05,RIGHT,1.3,1.3,OK,
지하철,4,4,0.7,-0.1,0.6,16.55,1.3,17.15,18.45,14,14,18.9,17.8,0.35,LEFT,1.3,1.3,OK,
지하철,4,4,0.7,-0.05,0.65,16.55,1.3,17.2,18.5,13,13,17.5,17.85,1.05,RIGHT,1.3,1.3,OK,
지하철,4,4,0.7,-0.05,0.65,16.55,1.3,17.2,18.5,14,14,18.9,17.85,0.35,LEFT,1.3,1.3,OK,
지하철,4,4,0.7,0,0.7,16.55,1.3,17.25,18.55,13,13,17.5,17.9,1.05,RIGHT,1.3,1.3,OK,
지하철,4,4,0.7,0,0.7,16.55,1.3,17.25,18.55,14,14,18.9,17.9,0.35,LEFT,1.3,1.3,OK,
지하철,4,4,0.7,0.05,0.75,16.55,1.3,17.3,18.6,13,13,17.5,17.95,1.05,RIGHT,1.3,1.3,OK,
지하철,4,4,0.7,0.05,0.75,16.55,1.3,17.3,18.6,14,14,18.9,17.95,0.525,LEFT,1.3,1.3,OK,
지하철,4,4,0.7,0.1,0.8,16.55,1.3,17.35,18.65,13,13,17.5,18,0.875,RIGHT,1.3,1.3,OK,
지하철,4,4,0.7,0.1,0.8,16.55,1.3,17.35,18.65,14,14,18.9,18,0.525,LEFT,1.3,1.3,OK,
지하철,4,4,0.7,0.15,0.85,16.55,1.3,17.4,18.7,13,13,17.5,18.05,0.875,RIGHT,1.3,1.3,OK,
지하철,4,4,0.7,0.15,0.85,16.55,1.3,17.4,18.7,14,14,18.9,18.05,0.525,LEFT,1.3,1.3,OK,
지하철,4,4,0.7,0.2,0.9,16.55,1.3,17.45,18.75,13,13,17.5,18.1,0.875,RIGHT,1.3,1.3,OK,
지하철,4,4,0.7,0.2,0.9,16.55,1.3,17.45,18.75,14,14,18.9,18.1,0.7,LEFT,1.3,1.3,OK,
지하철,4,4,0.7,0.25,0.95,16.55,1.3,17.5,18.8,13,13,17.5,18.15,0.7,RIGHT,1.3,1.3,OK,
지하철,4,4,0.7,0.25,0.95,16.55,1.3,17.5,18.8,14,14,18.9,18.15,0.7,LEFT,1.3,1.3,OK,
지하철,4,4,0.7,0.3,1,16.55,1.3,17.55,18.85,13,13,17.5,18.2,0.7,RIGHT,1.3,1.3,OK,
지하철,4,4,0.7,0.3,1,16.55,1.3,17.55,18.85,14,14,18.9,18.2,0.7,LEFT,1.3,1.3,OK,
지하철,4,4,0.7,0.35,1.05,16.55,1.3,17.6,18.9,13,13,17.5,18.25,0.7,RIGHT,1.3,1.3,OK,
지하철,4,4,0.7,0.35,1.05,16.55,1.3,17.6,18.9,14,14,18.9,18.25,0.7,LEFT,1.3,1.3,OK,
지하철,4,3,0.875,-0.35,0.525,16.55,1.3,17.075,18.375,13,13,17.5,17.725,1.225,RIGHT,1.3,1.3,OK,
지하철,4,3,0.875,-0.35,0.525,16.55,1.3,17.075,18.375,14,14,18.9,17.725,0.175,LEFT,1.3,1.3,OK,
지하철,4,3,0.875,-0.3,0.575,16.55,1.3,17.125,18.425,13,13,17.5,17.775,1.225,RIGHT,1.3,1.3,OK,
지하철,4,3,0.875,-0.3,0.575,16.55,1.3,17.125,18.425,14,14,18.9,17.775,0.35,LEFT,1.3,1.3,OK,
지하철,4,3,0.875,-0.25,0.625,16.55,1.3,17.175,18.475,13,13,17.5,17.825,1.05,RIGHT,1.3,1.3,OK,
지하철,4,3,0.875,-0.25,0.625,16.55,1.3,17.175,18.475,14,14,18.9,17.825,0.35,LEFT,1.3,1.3,OK,
지하철,4,3,0.875,-0.2,0.675,16.55,1.3,17.225,18.525,13,13,17.5,17.875,1.05,RIGHT,1.3,1.3,OK,
지하철,4,3,0.875,-0.2,0.675,16.55,1.3,17.225,18.525,14,14,18.9,17.875,0.35,LEFT,1.3,1.3,OK,
지하철,4,3,0.875,-0.15,0.725,16.55,1.3,17.275,18.575,13,13,17.5,17.925,1.05,RIGHT,1.3,1.3,OK,
지하철,4,3,0.875,-0.15,0.725,16.55,1.3,17.275,18.575,14,14,18.9,17.925,0.525,LEFT,1.3,1.3,OK,
지하철,4,3,0.875,-0.1,0.775,16.55,1.3,17.325,18.625,13,13,17.5,17.975,0.875,RIGHT,1.3,1.3,OK,
지하철,4,3,0.875,-0.1,0.775,16.55,1.3,17.325,18.625,14,14,18.9,17.975,0.525,LEFT,1.3,1.3,OK,
지하철,4,3,0.875,-0.05,0.825,16.55,1.3,17.375,18.675,13,13,17.5,18.025,0.875,RIGHT,1.3,1.3,OK,
지하철,4,3,0.875,-0.05,0.825,16.55,1.3,17.375,18.675,14,14,18.9,18.025,0.525,LEFT,1.3,1.3,OK,
지하철,4,3,0.875,0,0.875,16.55,1.3,17.425,18.725,13,13,17.5,18.075,0.875,RIGHT,1.3,1.3,OK,
지하철,4,3,0.875,0,0.875,16.55,1.3,17.425,18.725,14,14,18.9,18.075,0.525,LEFT,1.3,1.3,OK,
지하철,4,3,0.875,0.05,0.925,16.55,1.3,17.475,18.775,13,13,17.5,18.125,0.875,RIGHT,1.3,1.3,OK,
지하철,4,3,0.875,0.05,0.925,16.55,1.3,17.475,18.775,14,14,18.9,18.125,0.7,LEFT,1.3,1.3,OK,
지하철,4,3,0.875,0.1,0.975,16.55,1.3,17.525,18.825,13,13,17.5,18.175,0.7,RIGHT,1.3,1.3,OK,
지하철,4,3,0.875,0.1,0.975,16.55,1.3,17.525,18.825,14,14,18.9,18.175,0.7,LEFT,1.3,1.3,OK,
지하철,4,3,0.875,0.15,1.025,16.55,1.3,17.575,18.875,13,13,17.5,18.225,0.7,RIGHT,1.3,1.3,OK,
지하철,4,3,0.875,0.15,1.025,16.55,1.3,17.575,18.875,14,14,18.9,18.225,0.7,LEFT,1.3,1.3,OK,
지하철,4,3,0.875,0.2,1.075,16.55,1.3,17.625,18.925,13,13,17.5,18.275,0.7,RIGHT,1.3,1.3,OK,
지하철,4,3,0.875,0.2,1.075,16.55,1.3,17.625,18.925,14,14,18.9,18.275,0.875,LEFT,1.3,1.3,OK,
지하철,4,3,0.875,0.25,1.125,16.55,1.3,17.675,18.975,13,13,17.5,18.325,0.525,RIGHT,1.3,1.3,OK,
지하철,4,3,0.875,0.25,1.125,16.55,1.3,17.675,18.975,14,14,18.9,18.325,0.875,LEFT,1.3,1.3,OK,
지하철,4,3,0.875,0.3,1.175,16.55,1.3,17.725,19.025,13,13,17.5,18.375,0.525,RIGHT,1.3,1.3,OK,
지하철,4,3,0.875,0.3,1.175,16.55,1.3,17.725,19.025,14,14,18.9,18.375,0.875,LEFT,1.3,1.3,OK,
지하철,4,3,0.875,0.35,1.225,16.55,1.3,17.775,19.075,13,13,17.5,18.425,0.525,RIGHT,1.3,1.3,OK,
지하철,4,3,0.875,0.35,1.225,16.55,1.3,17.775,19.075,14,14,18.9,18.425,0.875,LEFT,1.3,1.3,OK,
지하철,4,2,1.05,-0.35,0.7,16.55,1.3,17.25,18.55,13,13,17.5,17.9,1.05,RIGHT,1.3,1.3,OK,
지하철,4,2,1.05,-0.35,0.7,16.55,1.3,17.25,18.55,14,14,18.9,17.9,0.35,LEFT,1.3,1.3,OK,
지하철,4,2,1.05,-0.3,0.75,16.55,1.3,17.3,18.6,13,13,17.5,17.95,1.05,RIGHT,1.3,1.3,OK,
지하철,4,2,1.05,-0.3,0.75,16.55,1.3,17.3,18.6,14,14,18.9,17.95,0.525,LEFT,1.3,1.3,OK,
지하철,4,2,1.05,-0.25,0.8,16.55,1.3,17.35,18.65,13,13,17.5,18,0.875,RIGHT,1.3,1.3,OK,
지하철,4,2,1.05,-0.25,0.8,16.55,1.3,17.35,18.65,14,14,18.9,18,0.525,LEFT,1.3,1.3,OK,
지하철,4,2,1.05,-0.2,0.85,16.55,1.3,17.4,18.7,13,13,17.5,18.05,0.875,RIGHT,1.3,1.3,OK,
지하철,4,2,1.05,-0.2,0.85,16.55,1.3,17.4,18.7,14,14,18.9,18.05,0.525,LEFT,1.3,1.3,OK,
지하철,4,2,1.05,-0.15,0.9,16.55,1.3,17.45,18.75,13,13,17.5,18.1,0.875,RIGHT,1.3,1.3,OK,
지하철,4,2,1.05,-0.15,0.9,16.55,1.3,17.45,18.75,14,14,18.9,18.1,0.7,LEFT,1.3,1.3,OK,
지하철,4,2,1.05,-0.1,0.95,16.55,1.3,17.5,18.8,13,13,17.5,18.15,0.7,RIGHT,1.3,1.3,OK,
지하철,4,2,1.05,-0.1,0.95,16.55,1.3,17.5,18.8,14,14,18.9,18.15,0.7,LEFT,1.3,1.3,OK,
지하철,4,2,1.05,-0.05,1,16.55,1.3,17.55,18.85,13,13,17.5,18.2,0.7,RIGHT,1.3,1.3,OK,
지하철,4,2,1.05,-0.05,1,16.55,1.3,17.55,18.85,14,14,18.9,18.2,0.7,LEFT,1.3,1.3,OK,
지하철,4,2,1.05,0,1.05,16.55,1.3,17.6,18.9,13,13,17.5,18.25,0.7,RIGHT,1.3,1.3,OK,
지하철,4,2,1.05,0,1.05,16.55,1.3,17.6,18.9,14,14,18.9,18.25,0.7,LEFT,1.3,1.3,OK,
지하철,4,2,1.05,0.05,1.1,16.55,1.3,17.65,18.95,13,13,17.5,18.3,0.7,RIGHT,1.3,1.3,OK,
지하철,4,2,1.05,0.05,1.1,16.55,1.3,17.65,18.95,14,14,18.9,18.3,0.875,LEFT,1.3,1.3,OK,
지하철,4,2,1.05,0.1,1.15,16.55,1.3,17.7,19,13,13,17.5,18.35,0.525,RIGHT,1.3,1.3,OK,
지하철,4,2,1.05,0.1,1.15,16.55,1.3,17.7,19,14,14,18.9,18.35,0.875,LEFT,1.3,1.3,OK,
지하철,4,2,1.05,0.15,1.2,16.55,1.3,17.75,19.05,13,13,17.5,18.4,0.525,RIGHT,1.3,1.3,OK,
지하철,4,2,1.05,0.15,1.2,16.55,1.3,17.75,19.05,14,14,18.9,18.4,0.875,LEFT,1.3,1.3,OK,
지하철,4,2,1.05,0.2,1.25,16.55,1.3,17.8,19.1,13,13,17.5,18.45,0.525,RIGHT,1.3,1.3,OK,
지하철,4,2,1.05,0.2,1.25,16.55,1.3,17.8,19.1,14,14,18.9,18.45,1.05,LEFT,1.3,1.3,OK,
지하철,4,2,1.05,0.25,1.3,16.55,1.3,17.85,19.15,13,13,17.5,18.5,0.35,RIGHT,1.3,1.3,OK,
지하철,4,2,1.05,0.25,1.3,16.55,1.3,17.85,19.15,14,14,18.9,18.5,1.05,LEFT,1.3,1.3,OK,
지하철,4,2,1.05,0.3,1.35,16.55,1.3,17.9,19.2,13,13,17.5,18.55,0.35,RIGHT,1.3,1.3,OK,
지하철,4,2,1.05,0.3,1.35,16.55,1.3,17.9,19.2,14,14,18.9,18.55,1.05,LEFT,1.3,1.3,OK,
지하철,4,2,1.05,0.35,1.4,16.55,1.3,17.95,19.25,13,13,17.5,18.6,0.35,RIGHT,1.3,1.3,OK,
지하철,4,2,1.05,0.35,1.4,16.55,1.3,17.95,19.25,14,14,18.9,18.6,1.05,LEFT,1.3,1.3,OK,
지하철,4,1,1.225,-0.35,0.875,16.55,1.3,17.425,18.725,13,13,17.5,18.075,0.875,RIGHT,1.3,1.3,OK,
지하철,4,1,1.225,-0.35,0.875,16.55,1.3,17.425,18.725,14,14,18.9,18.075,0.525,LEFT,1.3,1.3,OK,
지하철,4,1,1.225,-0.3,0.925,16.55,1.3,17.475,18.775,13,13,17.5,18.125,0.875,RIGHT,1.3,1.3,OK,
지하철,4,1,1.225,-0.3,0.925,16.55,1.3,17.475,18.775,14,14,18.9,18.125,0.7,LEFT,1.3,1.3,OK,
지하철,4,1,1.225,-0.25,0.975,16.55,1.3,17.525,18.825,13,13,17.5,18.175,0.7,RIGHT,1.3,1.3,OK,
지하철,4,1,1.225,-0.25,0.975,16.55,1.3,17.525,18.825,14,14,18.9,18.175,0.7,LEFT,1.3,1.3,OK,
지하철,4,1,1.225,-0.2,1.025,16.55,1.3,17.575,18.875,13,13,17.5,18.225,0.7,RIGHT,1.3,1.3,OK,
지하철,4,1,1.225,-0.2,1.025,16.55,1.3,17.575,18.875,14,14,18.9,18.225,0.7,LEFT,1.3,1.3,OK,
지하철,4,1,1.225,-0.15,1.075,16.55,1.3,17.625,18.925,13,13,17.5,18.275,0.7,RIGHT,1.3,1.3,OK,
지하철,4,1,1.225,-0.15,1.075,16.55,1.3,17.625,18.925,14,14,18.9,18.275,0.875,LEFT,1.3,1.3,OK,
지하철,4,1,1.225,-0.1,1.125,16.55,1.3,17.675,18.975,13,13,17.5,18.325,0.525,RIGHT,1.3,1.3,OK,
지하철,4,1,1.225,-0.1,1.125,16.55,1.3,17.675,18.975,14,14,18.9,18.325,0.875,LEFT,1.3,1.3,OK,
지하철,4,1,1.225,-0.05,1.175,16.55,1.3,17.725,19.025,13,13,17.5,18.375,0.525,RIGHT,1.3,1.3,OK,
지하철,4,1,1.225,-0.05,1.175,16.55,1.3,17.725,19.025,14,14,18.9,18.375,0.875,LEFT,1.3,1.3,OK,
지하철,4,1,1.225,0,1.225,16.55,1.3,17.775,19.075,13,13,17.5,18.425,0.525,RIGHT,1.3,1.3,OK,
지하철,4,1,1.225,0,1.225,16.55,1.3,17.775,19.075,14,14,18.9,18.425,0.875,LEFT,1.3,1.3,OK,
지하철,4,1,1.225,0.05,1.275,16.55,1.3,17.825,19.125,13,13,17.5,18.475,0.525,RIGHT,1.3,1.3,OK,
지하철,4,1,1.225,0.05,1.275,16.55,1.3,17.825,19.125,14,14,18.9,18.475,1.05,LEFT,1.3,1.3,OK,
지하철,4,1,1.225,0.1,1.325,16.55,1.3,17.875,19.175,13,13,17.5,18.525,0.35,RIGHT,1.3,1.3,OK,
지하철,4,1,1.225,0.1,1.325,16.55,1.3,17.875,19.175,14,14,18.9,18.525,1.05,LEFT,1.3,1.3,OK,
지하철,4,1,1.225,0.15,1.375,16.55,1.3,17.925,19.225,13,13,17.5,18.575,0.35,RIGHT,1.3,1.3,OK,
지하철,4,1,1.225,0.15,1.375,16.55,1.3,17.925,19.225,14,14,18.9,18.575,1.05,LEFT,1.3,1.3,OK,
지하철,4,1,1.225,0.2,1.425,16.55,1.3,17.975,19.275,13,13,17.5,18.625,0.35,RIGHT,1.3,1.3,OK,
지하철,4,1,1.225,0.2,1.425,16.55,1.3,17.975,19.275,14,14,18.9,18.625,1.225,LEFT,1.3,1.3,OK,
지하철,4,1,1.225,0.25,1.475,16.55,1.3,18.025,19.325,13,13,17.5,18.675,0.175,RIGHT,1.3,1.3,OK,
지하철,4,1,1.225,0.25,1.475,16.55,1.3,18.025,19.325,14,14,18.9,18.675,1.225,LEFT,1.3,1.3,OK,
지하철,4,1,1.225,0.3,1.525,16.55,1.3,18.075,19.375,13,13,17.5,18.725,0.175,RIGHT,1.3,1.3,OK,
지하철,4,1,1.225,0.3,1.525,16.55,1.3,18.075,19.375,14,14,18.9,18.725,1.225,LEFT,1.3,1.3,OK,
지하철,4,1,1.225,0.35,1.575,16.55,1.3,18.125,19.425,13,13,17.5,18.775,0.175,RIGHT,1.3,1.3,OK,
지하철,4,1,1.225,0.35,1.575,16.55,1.3,18.125,19.425,14,14,18.9,18.775,1.225,LEFT,1.3,1.3,OK,
누리로,1,8,0,-0.35,-0.35,0.81,1.188,0.46,1.648,1,1,0.7,1.054,1.05,RIGHT,1.188,1.188,OK,
누리로,1,8,0,-0.35,-0.35,0.81,1.188,0.46,1.648,2,2,2.1,1.054,0.35,LEFT,1.188,1.188,OK,
누리로,1,8,0,-0.3,-0.3,0.81,1.188,0.51,1.698,1,1,0.7,1.104,1.05,RIGHT,1.188,1.188,OK,
누리로,1,8,0,-0.3,-0.3,0.81,1.188,0.51,1.698,2,2,2.1,1.104,0.35,LEFT,1.188,1.188,OK,
누리로,1,8,0,-0.25,-0.25,0.81,1.188,0.56,1.748,1,1,0.7,1.154,0.875,RIGHT,1.188,1.188,OK,
누리로,1,8,0,-0.25,-0.25,0.81,1.188,0.56,1.748,2,2,2.1,1.154,0.35,LEFT,1.188,1.188,OK,
누리로,1,8,0,-0.2,-0.2,0.81,1.188,0.61,1.798,1,1,0.7,1.204,0.875,RIGHT,1.188,1.188,OK,
누리로,1,8,0,-0.2,-0.2,0.81,1.188,0.61,1.798,2,2,2.1,1.204,0.525,LEFT,1.188,1.188,OK,
누리로,1,8,0,-0.15,-0.15,0.81,1.188,0.66,1.848,1,1,0.7,1.254,0.875,RIGHT,1.188,1.188,OK,
누리로,1,8,0,-0.15,-0.15,0.81,1.188,0.66,1.848,2,2,2.1,1.254,0.525,LEFT,1.188,1.188,OK,
누리로,1,8,0,-0.1,-0.1,0.81,1.188,0.71,1.898,1,1,0.7,1.304,0.7,RIGHT,1.188,1.188,OK,
누리로,1,8,0,-0.1,-0.1,0.81,1.188,0.71,1.898,2,2,2.1,1.304,0.525,LEFT,1.188,1.188,OK,
누리로,1,8,0,-0.05,-0.05,0.81,1.188,0.76,1.948,1,1,0.7,1.354,0.7,RIGHT,1.188,1.188,OK,
누리로,1,8,0,-0.05,-0.05,0.81,1.188,0.76,1.948,2,2,2.1,1.354,0.7,LEFT,1.188,1.188,OK,
누리로,1,8,0,0,0,0.81,1.188,0.81,1.998,1,1,0.7,1.404,0.7,RIGHT,1.188,1.188,OK,
누리로,1,8,0,0,0,0.81,1.188,0.81,1.998,2,2,2.1,1.404,0.7,LEFT,1.188,1.188,OK,
누리로,1,8,0,0.05,0.05,0.81,1.188,0.86,2.048,1,1,0.7,1.454,0.7,RIGHT,1.188,1.188,OK,
누리로,1,8,0,0.05,0.05,0.81,1.188,0.86,2.048,2,2,2.1,1.454,0.7,LEFT,1.188,1.188,OK,
누리로,1,8,0,0.1,0.1,0.81,1.188,0.91,2.098,1,1,0.7,1.504,0.525,RIGHT,1.188,1.188,OK,
누리로,1,8,0,0.1,0.1,0.81,1.188,0.91,2.098,2,2,2.1,1.504,0.7,LEFT,1.188,1.188,OK,
누리로,1,8,0,0.15,0.15,0.81,1.188,0.96,2.148,1,1,0.7,1.554,0.525,RIGHT,1.188,1.188,OK,
누리로,1,8,0,0.15,0.15,0.81,1.188,0.96,2.148,2,2,2.1,1.554,0.875,LEFT,1.188,1.188,OK,
누리로,1,8,0,0.2,0.2,0.81,1.188,1.01,2.198,1,1,0.7,1.604,0.525,RIGHT,1.188,1.188,OK,
누리로,1,8,0,0.2,0.2,0.81,1.188,1.01,2.198,2,2,2.1,1.604,0.875,LEFT,1.188,1.188,OK,
누리로,1,8,0,0.25,0.25,0.81,1.188,1.06,2.248,1,1,0.7,1.654,0.35,RIGHT,1.188,1.188,OK,
누리로,1,8,0,0.25,0.25,0.81,1.188,1.06,2.248,2,2,2.1,1.654,0.875,LEFT,1.188,1.188,OK,
누리로,1,8,0,0.3,0.3,0.81,1.188,1.11,2.298,1,1,0.7,1.704,0.35,RIGHT,1.188,1.188,OK,
누리로,1,8,0,0.3,0.3,0.81,1.188,1.11,2.298,2,2,2.1,1.704,1.05,LEFT,1.188,1.188,OK,
누리로,1,8,0,0.35,0.35,0.81,1.188,1.16,2.348,1,1,0.7,1.754,0.35,RIGHT,1.188,1.188,OK,
누리로,1,8,0,0.35,0.35,0.81,1.188,1.16,2.348,2,2,2.1,1.754,1.05,LEFT,1.188,1.188,OK,
누리로,1,7,0.175,-0.35,-0.175,0.81,1.188,0.635,1.823,1,1,0.7,1.229,0.875,RIGHT,1.188,1.188,OK,
누리로,1,7,0.175,-0.35,-0.175,0.81,1.188,0.635,1.823,2,2,2.1,1.229,0.525,LEFT,1.188,1.188,OK,
누리로,1,7,0.175,-0.3,-0.125,0.81,1.188,0.685,1.873,1,1,0.7,1.279,0.875,RIGHT,1.188,1.188,OK,
누리로,1,7,0.175,-0.3,-0.125,0.81,1.188,0.685,1.873,2,2,2.1,1.279,0.525,LEFT,1.188,1.188,OK,
누리로,1,7,0.175,-0.25,-0.075,0.81,1.188,0.735,1.923,1,1,0.7,1.329,0.7,RIGHT,1.188,1.188,OK,
누리로,1,7,0.175,-0.25,-0.075,0.81,1.188,0.735,1.923,2,2,2.1,1.329,0.525,LEFT,1.188,1.188,OK,
누리로,1,7,0.175,-0.2,-0.025,0.81,1.188,0.785,1.973,1,1,0.7,1.379,0.7,RIGHT,1.188,1.188,OK,
누리로,1,7,0.175,-0.2,-0.025,0.81,1.188,0.785,1.973,2,2,2.1,1.379,0.7,LEFT,1.188,1.188,OK,
누리로,1,7,0.175,-0.15,0.025,0.81,1.188,0.835,2.023,1,1,0.7,1.429,0.7,RIGHT,1.188,1.188,OK,
누리로,1,7,0.175,-0.15,0.025,0.81,1.188,0.835,2.023,2,2,2.1,1.429,0.7,LEFT,1.188,1.188,OK,
누리로,1,7,0.175,-0.1,0.075,0.81,1.188,0.885,2.073,1,1,0.7,1.479,0.525,RIGHT,1.188,1.188,OK,
누리로,1,7,0.175,-0.1,0.075,0.81,1.188,0.885,2.073,2,2,2.1,1.479,0.7,LEFT,1.188,1.188,OK,
누리로,1,7,0.175,-0.05,0.125,0.81,1.188,0.935,2.123,1,1,0.7,1.529,0.525,RIGHT,1.188,1.188,OK,
누리로,1,7,0.175,-0.05,0.125,0.81,1.188,0.935,2.123,2,2,2.1,1.529,0.875,LEFT,1.188,1.188,OK,
누리로,1,7,0.175,0,0.175,0.81,1.188,0.985,2.173,1,1,0.7,1.579,0.525,RIGHT,1.188,1.188,OK,
누리로,1,7,0.175,0,0.175,0.81,1.188,0.985,2.173,2,2,2.1,1.579,0.875,LEFT,1.188,1.188,OK,
누리로,1,7,0.175,0.05,0.225,0.81,1.188,1.035,2.223,1,1,0.7,1.629,0.525,RIGHT,1.188,1.188,OK,
누리로,1,7,0.175,0.05,0.225,0.81,1.188,1.035,2.223,2,2,2.1,1.629,0.875,LEFT,1.188,1.188,OK,
누리로,1,7,0.175,0.1,0.275,0.81,1.188,1.085,2.273,1,1,0.7,1.679,0.35,RIGHT,1.188,1.188,OK,
누리로,1,7,0.175,0.1,0.275,0.81,1.188,1.085,2.273,2,2,2.1,1.679,0.875,LEFT,1.188,1.188,OK,
누리로,1,7,0.175,0.15,0.325,0.81,1.188,1.135,2.323,1,1,0.7,1.729,0.35,RIGHT,1.188,1.188,OK,
누리로,1,7,0.175,0.15,0.325,0.81,1.188,1.135,2.323,2,2,2.1,1.729,1.05,LEFT,1.188,1.188,OK,
누리로,1,7,0.175,0.2,0.375,0.81,1.188,1.185,2.373,1,1,0.7,1.779,0.35,RIGHT,1.188,1.188,OK,
누리로,1,7,0.175,0.2,0.375,0.81,1.188,1.185,2.373,2,2,2.1,1.779,1.05,LEFT,1.188,1.188,OK,
누리로,1,7,0.175,0.25,0.425,0.81,1.188,1.235,2.423,1,1,0.7,1.829,0.175,RIGHT,1.188,1.188,OK,
누리로,1,7,0.175,0.25,0.425,0.81,1.188,1.235,2.423,2,2,2.1,1.829,1.05,LEFT,1.188,1.188,OK,
누리로,1,7,0.175,0.3,0.475,0.81,1.188,1.285,2.473,1,1,0.7,1.879,0.175,RIGHT,1.188,1.188,OK,
누리로,1,7,0.175,0.3,0.475,0.81,1.188,1.285,2.473,2,2,2.1,1.879,1.225,LEFT,1.188,1.188,OK,
누리로,1,7,0.175,0.35,0.525,0.81,1.188,1.335,2.523,1,1,0.7,1.929,0.175,RIGHT,1.188,1.188,OK,
누리로,1,7,0.175,0.35,0.525,0.81,1.188,1.335,2.523,2,2,2.1,1.929,1.225,LEFT,1.188,1.188,OK,
누리로,1,6,0.35,-0.35,0,0.81,1.188,0.81,1.998,1,1,0.7,1.404,0.7,RIGHT,1.188,1.188,OK,
누리로,1,6,0.35,-0.35,0,0.81,1.188,0.81,1.998,2,2,2.1,1.404,0.7,LEFT,1.188,1.188,OK,
누리로,1,6,0.35,-0.3,0.05,0.81,1.188,0.86,2.048,1,1,0.7,1.454,0.7,RIGHT,1.188,1.188,OK,
누리로,1,6,0.35,-0.3,0.05,0.81,1.188,0.86,2.048,2,2,2.1,1.454,0.7,LEFT,1.188,1.188,OK,
누리로,1,6,0.35,-0.25,0.1,0.81,1.188,0.91,2.098,1,1,0.7,1.504,0.525,RIGHT,1.188,1.188,OK,
누리로,1,6,0.35,-0.25,0.1,0.81,1.188,0.91,2.098,2,2,2.1,1.504,0.7,LEFT,1.188,1.188,OK,
누리로,1,6,0.35,-0.2,0.15,0.81,1.188,0.96,2.148,1,1,0.7,1.554,0.525,RIGHT,1.188,1.188,OK,
누리로,1,6,0.35,-0.2,0.15,0.81,1.188,0.96,2.148,2,2,2.1,1.554,0.875,LEFT,1.188,1.188,OK,
누리로,1,6,0.35,-0.15,0.2,0.81,1.188,1.01,2.198,1,1,0.7,1.604,0.525,RIGHT,1.188,1.188,OK,
누리로,1,6,0.35,-0.15,0.2,0.81,1.188,1.01,2.198,2,2,2.1,1.604,0.875,LEFT,1.188,1.188,OK,
누리로,1,6,0.35,-0.1,0.25,0.81,1.188,1.06,2.248,1,1,0.7,1.654,0.35,RIGHT,1.188,1.188,OK,
누리로,1,6,0.35,-0.1,0.25,0.81,1.188,1.06,2.248,2,2,2.1,1.654,0.875,LEFT,1.188,1.188,OK,
누리로,1,6,0.35,-0.05,0.3,0.81,1.188,1.11,2.298,1,1,0.7,1.704,0.35,RIGHT,1.188,1.188,OK,
누리로,1,6,0.35,-0.05,0.3,0.81,1.188,1.11,2.298,2,2,2.1,1.704,1.05,LEFT,1.188,1.188,OK,
누리로,1,6,0.35,0,0.35,0.81,1.188,1.16,2.348,1,1,0.7,1.754,0.35,RIGHT,1.188,1.188,OK,
누리로,1,6,0.35,0,0.35,0.81,1.188,1.16,2.348,2,2,2.1,1.754,1.05,LEFT,1.188,1.188,OK,
누리로,1,6,0.35,0.05,0.4,0.81,1.188,1.21,2.398,1,1,0.7,1.804,0.35,RIGHT,1.188,1.188,OK,
누리로,1,6,0.35,0.05,0.4,0.81,1.188,1.21,2.398,2,2,2.1,1.804,1.05,LEFT,1.188,1.188,OK,
누리로,1,6,0.35,0.1,0.45,0.81,1.188,1.26,2.448,1,1,0.7,1.854,0.175,RIGHT,1.188,1.188,OK,
누리로,1,6,0.35,0.1,0.45,0.81,1.188,1.26,2.448,2,2,2.1,1.854,1.05,LEFT,1.188,1.188,OK,
누리로,1,6,0.35,0.15,0.5,0.81,1.188,1.31,2.498,1,1,0.7,1.904,0.175,RIGHT,1.188,1.188,OK,
누리로,1,6,0.35,0.15,0.5,0.81,1.188,1.31,2.498,2,2,2.1,1.904,1.225,LEFT,1.188,1.188,OK,
누리로,1,6,0.35,0.2,0.55,0.81,1.188,1.36,2.548,1,1,0.7,1.954,0.175,RIGHT,1.188,1.188,OK,
누리로,1,6,0.35,0.2,0.55,0.81,1.188,1.36,2.548,2,2,2.1,1.954,1.225,LEFT,1.188,1.188,OK,
누리로,1,6,0.35,0.25,0.6,0.81,1.188,1.41,2.598,2,2,2.1,2.004,1.225,LEFT,1.188,1.188,OK,
누리로,1,6,0.35,0.3,0.65,0.81,1.188,1.46,2.648,2,2,2.1,2.054,1.4,LEFT,1.188,1.188,OK,
누리로,1,6,0.35,0.35,0.7,0.81,1.188,1.51,2.698,2,2,2.1,2.104,1.4,RIGHT,1.188,1.188,OK,
누리로,1,5,0.525,-0.35,0.175,0.81,1.188,0.985,2.173,1,1,0.7,1.579,0.525,RIGHT,1.188,1.188,OK,
누리로,1,5,0.525,-0.35,0.175,0.81,1.188,0.985,2.173,2,2,2.1,1.579,0.875,LEFT,1.188,1.188,OK,
누리로,1,5,0.525,-0.3,0.225,0.81,1.188,1.035,2.223,1,1,0.7,1.629,0.525,RIGHT,1.188,1.188,OK,
누리로,1,5,0.525,-0.3,0.225,0.81,1.188,1.035,2.223,2,2,2.1,1.629,0.875,LEFT,1.188,1.188,OK,
누리로,1,5,0.525,-0.25,0.275,0.81,1.188,1.085,2.273,1,1,0.7,1.679,0.35,RIGHT,1.188,1.188,OK,
누리로,1,5,0.525,-0.25,0.275,0.81,1.188,1.085,2.273,2,2,2.1,1.679,0.875,LEFT,1.188,1.188,OK,
누리로,1,5,0.525,-0.2,0.325,0.81,1.188,1.135,2.323,1,1,0.7,1.729,0.35,RIGHT,1.188,1.188,OK,
누리로,1,5,0.525,-0.2,0.325,0.81,1.188,1.135,2.323,2,2,2.1,1.729,1.05,LEFT,1.188,1.188,OK,
누리로,1,5,0.525,-0.15,0.375,0.81,1.188,1.185,2.373,1,1,0.7,1.779,0.35,RIGHT,1.188,1.188,OK,
누리로,1,5,0.525,-0.15,0.375,0.81,1.188,1.185,2.373,2,2,2.1,1.779,1.05,LEFT,1.188,1.188,OK,
누리로,1,5,0.525,-0.1,0.425,0.81,1.188,1.235,2.423,1,1,0.7,1.829,0.175,RIGHT,1.188,1.188,OK,
누리로,1,5,0.525,-0.1,0.425,0.81,1.188,1.235,2.423,2,2,2.1,1.829,1.05,LEFT,1.188,1.188,OK,
누리로,1,5,0.525,-0.05,0.475,0.81,1.188,1.285,2.473,1,1,0.7,1.879,0.175,RIGHT,1.188,1.188,OK,
누리로,1,5,0.525,-0.05,0.475,0.81,1.188,1.285,2.473,2,2,2.1,1.879,1.225,LEFT,1.188,1.188,OK,
누리로,1,5,0.525,0,0.525,0.81,1.188,1.335,2.523,1,1,0.7,1.929,0.175,RIGHT,1.188,1.188,OK,
누리로,1,5,0.525,0,0.525,0.81,1.188,1.335,2.523,2,2,2.1,1.929,1.225,LEFT,1.188,1.188,OK,
누리로,1,5,0.525,0.05,0.575,0.81,1.188,1.385,2.573,1,1,0.7,1.979,0.175,RIGHT,1.188,1.188,OK,
누리로,1,5,0.525,0.05,0.575,0.81,1.188,1.385,2.573,2,2,2.1,1.979,1.225,LEFT,1.188,1.188,OK,
누리로,1,5,0.525,0.1,0.625,0.81,1.188,1.435,2.623,2,2,2.1,2.029,1.225,LEFT,1.188,1.188,OK,
누리로,1,5,0.525,0.15,0.675,0.81,1.188,1.485,2.673,2,2,2.1,2.079,1.4,LEFT,1.188,1.188,OK,
누리로,1,5,0.525,0.2,0.725,0.81,1.188,1.535,2.723,2,2,2.1,2.129,1.4,RIGHT,1.188,1.188,OK,
누리로,1,5,0.525,0.25,0.775,0.81,1.188,1.585,2.773,2,2,2.1,2.179,1.225,RIGHT,1.188,1.188,OK,
누리로,1,5,0.525,0.3,0.825,0.81,1.188,1.635,2.823,2,2,2.1,2.229,1.225,RIGHT,1.188,1.188,OK,
누리로,1,5,0.525,0.3,0.825,0.81,1.188,1.635,2.823,3,3,3.5,2.229,0.175,LEFT,1.188,1.188,OK,
누리로,1,5,0.525,0.35,0.875,0.81,1.188,1.685,2.873,2,2,2.1,2.279,1.225,RIGHT,1.188,1.188,OK,
누리로,1,5,0.525,0.35,0.875,0.81,1.188,1.685,2.873,3,3,3.5,2.279,0.175,LEFT,1.188,1.188,OK,
누리로,1,4,0.7,-0.35,0.35,0.81,1.188,1.16,2.348,1,1,0.7,1.754,0.35,RIGHT,1.188,1.188,OK,
누리로,1,4,0.7,-0.35,0.35,0.81,1.188,1.16,2.348,2,2,2.1,1.754,1.05,LEFT,1.188,1.188,OK,
누리로,1,4,0.7,-0.3,0.4,0.81,1.188,1.21,2.398,1,1,0.7,1.804,0.35,RIGHT,1.188,1.188,OK,
누리로,1,4,0.7,-0.3,0.4,0.81,1.188,1.21,2.398,2,2,2.1,1.804,1.05,LEFT,1.188,1.188,OK,
누리로,1,4,0.7,-0.25,0.45,0.81,1.188,1.26,2.448,1,1,0.7,1.854,0.175,RIGHT,1.188,1.188,OK,
누리로,1,4,0.7,-0.25,0.45,0.81,1.188,1.26,2.448,2,2,2.1,1.854,1.05,LEFT,1.188,1.188,OK,
누리로,1,4,0.7,-0.2,0.5,0.81,1.188,1.31,2.498,1,1,0.7,1.904,0.175,RIGHT,1.188,1.188,OK,
누리로,1,4,0.7,-0.2,0.5,0.81,1.188,1.31,2.498,2,2,2.1,1.904,1.225,LEFT,1.188,1.188,OK,
누리로,1,4,0.7,-0.15,0.55,0.81,1.188,1.36,2.548,1,1,0.7,1.954,0.175,RIGHT,1.188,1.188,OK,
누리로,1,4,0.7,-0.15,0.55,0.81,1.188,1.36,2.548,2,2,2.1,1.954,1.225,LEFT,1.188,1.188,OK,
누리로,1,4,0.7,-0.1,0.6,0.81,1.188,1.41,2.598,2,2,2.1,2.004,1.225,LEFT,1.188,1.188,OK,
누리로,1,4,0.7,-0.05,0.65,0.81,1.188,1.46,2.648,2,2,2.1,2.054,1.4,LEFT,1.188,1.188,OK,
누리로,1,4,0.7,0,0.7,0.81,1.188,1.51,2.698,2,2,2.1,2.104,1.4,RIGHT,1.188,1.188,OK,
누리로,1,4,0.7,0.05,0.75,0.81,1.188,1.56,2.748,2,2,2.1,2.154,1.4,RIGHT,1.188,1.188,OK,
누리로,1,4,0.7,0.1,0.8,0.81,1.188,1.61,2.798,2,2,2.1,2.204,1.225,RIGHT,1.188,1.188,OK,
누리로,1,4,0.7,0.15,0.85,0.81,1.188,1.66,2.848,2,2,2.1,2.254,1.225,RIGHT,1.188,1.188,OK,
누리로,1,4,0.7,0.15,0.85,0.81,1.188,1.66,2.848,3,3,3.5,2.254,0.175,LEFT,1.188,1.188,OK,
누리로,1,4,0.7,0.2,0.9,0.81,1.188,1.71,2.898,2,2,2.1,2.304,1.225,RIGHT,1.188,1.188,OK,
누리로,1,4,0.7,0.2,0.9,0.81,1.188,1.71,2.898,3,3,3.5,2.304,0.175,LEFT,1.188,1.188,OK,
누리로,1,4,0.7,0.25,0.95,0.81,1.188,1.76,2.948,2,2,2.1,2.354,1.05,RIGHT,1.188,1.188,OK,
누리로,1,4,0.7,0.25,0.95,0.81,1.188,1.76,2.948,3,3,3.5,2.354,0.175,LEFT,1.188,1.188,OK,
누리로,1,4,0.7,0.3,1,0.81,1.188,1.81,2.998,2,2,2.1,2.404,1.05,RIGHT,1.188,1.188,OK,
누리로,1,4,0.7,0.3,1,0.81,1.188,1.81,2.998,3,3,3.5,2.404,0.35,LEFT,1.188,1.188,OK,
누리로,1,4,0.7,0.35,1.05,0.81,1.188,1.86,3.048,2,2,2.1,2.454,1.05,RIGHT,1.188,1.188,OK,
누리로,1,4,0.7,0.35,1.05,0.81,1.188,1.86,3.048,3,3,3.5,2.454,0.35,LEFT,1.188,1.188,OK,
누리로,1,3,0.875,-0.35,0.525,0.81,1.188,1.335,2.523,1,1,0.7,1.929,0.175,RIGHT,1.188,1.188,OK,
누리로,1,3,0.875,-0.35,0.525,0.81,1.188,1.335,2.523,2,2,2.1,1.929,1.225,LEFT,1.188,1.188,OK,
누리로,1,3,0.875,-0.3,0.575,0.81,1.188,1.385,2.573,1,1,0.7,1.979,0.175,RIGHT,1.188,1.188,OK,
누리로,1,3,0.875,-0.3,0.575,0.81,1.188,1.385,2.573,2,2,2.1,1.979,1.225,LEFT,1.188,1.188,OK,
누리로,1,3,0.875,-0.25,0.625,0.81,1.188,1.435,2.623,2,2,2.1,2.029,1.225,LEFT,1.188,1.188,OK,
누리로,1,3,0.875,-0.2,0.675,0.81,1.188,1.485,2.673,2,2,2.1,2.079,1.4,LEFT,1.188,1.188,OK,
누리로,1,3,0.875,-0.15,0.725,0.81,1.188,1.535,2.723,2,2,2.1,2.129,1.4,RIGHT,1.188,1.188,OK,
누리로,1,3,0.875,-0.1,0.775,0.81,1.188,1.585,2.773,2,2,2.1,2.179,1.225,RIGHT,1.188,1.188,OK,
누리로,1,3,0.875,-0.05,0.825,0.81,1.188,1.635,2.823,2,2,2.1,2.229,1.225,RIGHT,1.188,1.188,OK,
누리로,1,3,0.875,-0.05,0.825,0.81,1.188,1.635,2.823,3,3,3.5,2.229,0.175,LEFT,1.188,1.188,OK,
누리로,1,3,0.875,0,0.875,0.81,1.188,1.685,2.873,2,2,2.1,2.279,1.225,RIGHT,1.188,1.188,OK,
누리로,1,3,0.875,0,0.875,0.81,1.188,1.685,2.873,3,3,3.5,2.279,0.175,LEFT,1.188,1.188,OK,
누리로,1,3,0.875,0.05,0.925,0.81,1.188,1.735,2.923,2,2,2.1,2.329,1.225,RIGHT,1.188,1.188,OK,
누리로,1,3,0.875,0.05,0.925,0.81,1.188,1.735,2.923,3,3,3.5,2.329,0.175,LEFT,1.188,1.188,OK,
누리로,1,3,0.875,0.1,0.975,0.81,1.188,1.785,2.973,2,2,2.1,2.379,1.05,RIGHT,1.188,1.188,OK,
누리로,1,3,0.875,0.1,0.975,0.81,1.188,1.785,2.973,3,3,3.5,2.379,0.175,LEFT,1.188,1.188,OK,
누리로,1,3,0.875,0.15,1.025,0.81,1.188,1.835,3.023,2,2,2.1,2.429,1.05,RIGHT,1.188,1.188,OK,
누리로,1,3,0.875,0.15,1.025,0.81,1.188,1.835,3.023,3,3,3.5,2.429,0.35,LEFT,1.188,1.188,OK,
누리로,1,3,0.875,0.2,1.075,0.81,1.188,1.885,3.073,2,2,2.1,2.479,1.05,RIGHT,1.188,1.188,OK,
누리로,1,3,0.875,0.2,1.075,0.81,1.188,1.885,3.073,3,3,3.5,2.479,0.35,LEFT,1.188,1.188,OK,
누리로,1,3,0.875,0.25,1.125,0.81,1.188,1.935,3.123,2,2,2.1,2.529,0.875,RIGHT,1.188,1.188,OK,
누리로,1,3,0.875,0.25,1.125,0.81,1.188,1.935,3.123,3,3,3.5,2.529,0.35,LEFT,1.188,1.188,OK,
누리로,1,3,0.875,0.3,1.175,0.81,1.188,1.985,3.173,2,2,2.1,2.579,0.875,RIGHT,1.188,1.188,OK,
누리로,1,3,0.875,0.3,1.175,0.81,1.188,1.985,3.173,3,3,3.5,2.579,0.525,LEFT,1.188,1.188,OK,
누리로,1,3,0.875,0.35,1.225,0.81,1.188,2.035,3.223,2,2,2.1,2.629,0.875,RIGHT,1.188,1.188,OK,
누리로,1,3,0.875,0.35,1.225,0.81,1.188,2.035,3.223,3,3,3.5,2.629,0.525,LEFT,1.188,1.188,OK,
누리로,1,2,1.05,-0.35,0.7,0.81,1.188,1.51,2.698,2,2,2.1,2.104,1.4,RIGHT,1.188,1.188,OK,
누리로,1,2,1.05,-0.3,0.75,0.81,1.188,1.56,2.748,2,2,2.1,2.154,1.4,RIGHT,1.188,1.188,OK,
누리로,1,2,1.05,-0.25,0.8,0.81,1.188,1.61,2.798,2,2,2.1,2.204,1.225,RIGHT,1.188,1.188,OK,
누리로,1,2,1.05,-0.2,0.85,0.81,1.188,1.66,2.848,2,2,2.1,2.254,1.225,RIGHT,1.188,1.188,OK,
누리로,1,2,1.05,-0.2,0.85,0.81,1.188,1.66,2.848,3,3,3.5,2.254,0.175,LEFT,1.188,1.188,OK,
누리로,1,2,1.05,-0.15,0.9,0.81,1.188,1.71,2.898,2,2,2.1,2.304,1.225,RIGHT,1.188,1.188,OK,
누리로,1,2,1.05,-0.15,0.9,0.81,1.188,1.71,2.898,3,3,3.5,2.304,0.175,LEFT,1.188,1.188,OK,
누리로,1,2,1.05,-0.1,0.95,0.81,1.188,1.76,2.948,2,2,2.1,2.354,1.05,RIGHT,1.188,1.188,OK,
누리로,1,2,1.05,-0.1,0.95,0.81,1.188,1.76,2.948,3,3,3.5,2.354,0.175,LEFT,1.188,1.188,OK,
누리로,1,2,1.05,-0.05,1,0.81,1.188,1.81,2.998,2,2,2.1,2.404,1.05,RIGHT,1.188,1.188,OK,
누리로,1,2,1.05,-0.05,1,0.81,1.188,1.81,2.998,3,3,3.5,2.404,0.35,LEFT,1.188,1.188,OK,
누리로,1,2,1.05,0,1.05,0.81,1.188,1.86,3.048,2,2,2.1,2.454,1.05,RIGHT,1.188,1.188,OK,
누리로,1,2,1.05,0,1.05,0.81,1.188,1.86,3.048,3,3,3.5,2.454,0.35,LEFT,1.188,1.188,OK,
누리로,1,2,1.05,0.05,1.1,0.81,1.188,1.91,3.098,2,2,2.1,2.504,1.05,RIGHT,1.188,1.188,OK,
누리로,1,2,1.05,0.05,1.1,0.81,1.188,1.91,3.098,3,3,3.5,2.504,0.35,LEFT,1.188,1.188,OK,
누리로,1,2,1.05,0.1,1.15,0.81,1.188,1.96,3.148,2,2,2.1,2.554,0.875,RIGHT,1.188,1.188,OK,
누리로,1,2,1.05,0.1,1.15,0.81,1.188,1.96,3.148,3,3,3.5,2.554,0.35,LEFT,1.188,1.188,OK,
누리로,1,2,1.05,0.15,1.2,0.81,1.188,2.01,3.198,2,2,2.1,2.604,0.875,RIGHT,1.188,1.188,OK,
누리로,1,2,1.05,0.15,1.2,0.81,1.188,2.01,3.198,3,3,3.5,2.604,0.525,LEFT,1.188,1.188,OK,
누리로,1,2,1.05,0.2,1.25,0.81,1.188,2.06,3.248,2,2,2.1,2.654,0.875,RIGHT,1.188,1.188,OK,
누리로,1,2,1.05,0.2,1.25,0.81,1.188,2.06,3.248,3,3,3.5,2.654,0.525,LEFT,1.188,1.188,OK,
누리로,1,2,1.05,0.25,1.3,0.81,1.188,2.11,3.298,2,2,2.1,2.704,0.7,RIGHT,1.188,1.188,OK,
누리로,1,2,1.05,0.25,1.3,0.81,1.188,2.11,3.298,3,3,3.5,2.704,0.525,LEFT,1.188,1.188,OK,
누리로,1,2,1.05,0.3,1.35,0.81,1.188,2.16,3.348,2,2,2.1,2.754,0.7,RIGHT,1.188,1.188,OK,
누리로,1,2,1.05,0.3,1.35,0.81,1.188,2.16,3.348,3,3,3.5,2.754,0.7,LEFT,1.188,1.188,OK,
누리로,1,2,1.05,0.35,1.4,0.81,1.188,2.21,3.398,2,2,2.1,2.804,0.7,RIGHT,1.188,1.188,OK,
누리로,1,2,1.05,0.35,1.4,0.81,1.188,2.21,3.398,3,3,3.5,2.804,0.7,LEFT,1.188,1.188,OK,
누리로,1,1,1.225,-0.35,0.875,0.81,1.188,1.685,2.873,2,2,2.1,2.279,1.225,RIGHT,1.188,1.188,OK,
누리로,1,1,1.225,-0.35,0.875,0.81,1.188,1.685,2.873,3,3,3.5,2.279,0.175,LEFT,1.188,1.188,OK,
누리로,1,1,1.225,-0.3,0.925,0.81,1.188,1.735,2.923,2,2,2.1,2.329,1.225,RIGHT,1.188,1.188,OK,
누리로,1,1,1.225,-0.3,0.925,0.81,1.188,1.735,2.923,3,3,3.5,2.329,0.175,LEFT,1.188,1.188,OK,
누리로,1,1,1.225,-0.25,0.975,0.81,1.188,1.785,2.973,2,2,2.1,2.379,1.05,RIGHT,1.188,1.188,OK,
누리로,1,1,1.225,-0.25,0.975,0.81,1.188,1.785,2.973,3,3,3.5,2.379,0.175,LEFT,1.188,1.188,OK,
누리로,1,1,1.225,-0.2,1.025,0.81,1.188,1.835,3.023,2,2,2.1,2.429,1.05,RIGHT,1.188,1.188,OK,
누리로,1,1,1.225,-0.2,1.025,0.81,1.188,1.835,3.023,3,3,3.5,2.429,0.35,LEFT,1.188,1.188,OK,
누리로,1,1,1.225,-0.15,1.075,0.81,1.188,1.885,3.073,2,2,2.1,2.479,1.05,RIGHT,1.188,1.188,OK,
누리로,1,1,1.225,-0.15,1.075,0.81,1.188,1.885,3.073,3,3,3.5,2.479,0.35,LEFT,1.188,1.188,OK,
누리로,1,1,1.225,-0.1,1.125,0.81,1.188,1.935,3.123,2,2,2.1,2.529,0.875,RIGHT,1.188,1.188,OK,
누리로,1,1,1.225,-0.1,1.125,0.81,1.188,1.935,3.123,3,3,3.5,2.529,0.35,LEFT,1.188,1.188,OK,
누리로,1,1,1.225,-0.05,1.175,0.81,1.188,1.985,3.173,2,2,2.1,2.579,0.875,RIGHT,1.188,1.188,OK,
누리로,1,1,1.225,-0.05,1.175,0.81,1.188,1.985,3.173,3,3,3.5,2.579,0.525,LEFT,1.188,1.188,OK,
누리로,1,1,1.225,0,1.225,0.81,1.188,2.035,3.223,2,2,2.1,2.629,0.875,RIGHT,1.188,1.188,OK,
누리로,1,1,1.225,0,1.225,0.81,1.188,2.035,3.223,3,3,3.5,2.629,0.525,LEFT,1.188,1.188,OK,
누리로,1,1,1.225,0.05,1.275,0.81,1.188,2.085,3.273,2,2,2.1,2.679,0.875,RIGHT,1.188,1.188,OK,
누리로,1,1,1.225,0.05,1.275,0.81,1.188,2.085,3.273,3,3,3.5,2.679,0.525,LEFT,1.188,1.188,OK,
누리로,1,1,1.225,0.1,1.325,0.81,1.188,2.135,3.323,2,2,2.1,2.729,0.7,RIGHT,1.188,1.188,OK,
누리로,1,1,1.225,0.1,1.325,0.81,1.188,2.135,3.323,3,3,3.5,2.729,0.525,LEFT,1.188,1.188,OK,
누리로,1,1,1.225,0.15,1.375,0.81,1.188,2.185,3.373,2,2,2.1,2.779,0.7,RIGHT,1.188,1.188,OK,
누리로,1,1,1.225,0.15,1.375,0.81,1.188,2.185,3.373,3,3,3.5,2.779,0.7,LEFT,1.188,1.188,OK,
누리로,1,1,1.225,0.2,1.425,0.81,1.188,2.235,3.423,2,2,2.1,2.829,0.7,RIGHT,1.188,1.188,OK,
누리로,1,1,1.225,0.2,1.425,0.81,1.188,2.235,3.423,3,3,3.5,2.829,0.7,LEFT,1.188,1.188,OK,
누리로,1,1,1.225,0.25,1.475,0.81,1.188,2.285,3.473,2,2,2.1,2.879,0.525,RIGHT,1.188,1.188,OK,
누리로,1,1,1.225,0.25,1.475,0.81,1.188,2.285,3.473,3,3,3.5,2.879,0.7,LEFT,1.188,1.188,OK,
누리로,1,1,1.225,0.3,1.525,0.81,1.188,2.335,3.523,2,2,2.1,2.929,0.525,RIGHT,1.188,1.188,OK,
누리로,1,1,1.225,0.3,1.525,0.81,1.188,2.335,3.523,3,3,3.5,2.929,0.875,LEFT,1.188,1.188,OK,
누리로,1,1,1.225,0.35,1.575,0.81,1.188,2.385,3.573,2,2,2.1,2.979,0.525,RIGHT,1.188,1.188,OK,
누리로,1,1,1.225,0.35,1.575,0.81,1.188,2.385,3.573,3,3,3.5,2.979,0.875,LEFT,1.188,1.188,OK,
누리로,2,8,0,-0.35,-0.35,21.502,1.188,21.152,22.34,16,16,21.7,21.746,1.4,RIGHT,1.188,1.188,OK,
누리로,2,8,0,-0.3,-0.3,21.502,1.188,21.202,22.39,16,16,21.7,21.796,1.225,RIGHT,1.188,1.188,OK,
누리로,2,8,0,-0.25,-0.25,21.502,1.188,21.252,22.44,16,16,21.7,21.846,1.225,RIGHT,1.188,1.188,OK,
누리로,2,8,0,-0.25,-0.25,21.502,1.188,21.252,22.44,17,17,23.1,21.846,0.175,LEFT,1.188,1.188,OK,
누리로,2,8,0,-0.2,-0.2,21.502,1.188,21.302,22.49,16,16,21.7,21.896,1.225,RIGHT,1.188,1.188,OK,
누리로,2,8,0,-0.2,-0.2,21.502,1.188,21.302,22.49,17,17,23.1,21.896,0.175,LEFT,1.188,1.188,OK,
누리로,2,8,0,-0.15,-0.15,21.502,1.188,21.352,22.54,16,16,21.7,21.946,1.05,RIGHT,1.188,1.188,OK,
누리로,2,8,0,-0.15,-0.15,21.502,1.188,21.352,22.54,17,17,23.1,21.946,0.175,LEFT,1.188,1.188,OK,
누리로,2,8,0,-0.1,-0.1,21.502,1.188,21.402,22.59,16,16,21.7,21.996,1.05,RIGHT,1.188,1.188,OK,
누리로,2,8,0,-0.1,-0.1,21.502,1.188,21.402,22.59,17,17,23.1,21.996,0.35,LEFT,1.188,1.188,OK,
누리로,2,8,0,-0.05,-0.05,21.502,1.188,21.452,22.64,16,16,21.7,22.046,1.05,RIGHT,1.188,1.188,OK,
누리로,2,8,0,-0.05,-0.05,21.502,1.188,21.452,22.64,17,17,23.1,22.046,0.35,LEFT,1.188,1.188,OK,
누리로,2,8,0,0,0,21.502,1.188,21.502,22.69,16,16,21.7,22.096,1.05,RIGHT,1.188,1.188,OK,
누리로,2,8,0,0,0,21.502,1.188,21.502,22.69,17,17,23.1,22.096,0.35,LEFT,1.188,1.188,OK,
누리로,2,8,0,0.05,0.05,21.502,1.188,21.552,22.74,16,16,21.7,22.146,0.875,RIGHT,1.188,1.188,OK,
누리로,2,8,0,0.05,0.05,21.502,1.188,21.552,22.74,17,17,23.1,22.146,0.35,LEFT,1.188,1.188,OK,
누리로,2,8,0,0.1,0.1,21.502,1.188,21.602,22.79,16,16,21.7,22.196,0.875,RIGHT,1.188,1.188,OK,
누리로,2,8,0,0.1,0.1,21.502,1.188,21.602,22.79,17,17,23.1,22.196,0.525,LEFT,1.188,1.188,OK,
누리로,2,8,0,0.15,0.15,21.502,1.188,21.652,22.84,16,16,21.7,22.246,0.875,RIGHT,1.188,1.188,OK,
누리로,2,8,0,0.15,0.15,21.502,1.188,21.652,22.84,17,17,23.1,22.246,0.525,LEFT,1.188,1.188,OK,
누리로,2,8,0,0.2,0.2,21.502,1.188,21.702,22.89,16,16,21.7,22.296,0.7,RIGHT,1.188,1.188,OK,
누리로,2,8,0,0.2,0.2,21.502,1.188,21.702,22.89,17,17,23.1,22.296,0.525,LEFT,1.188,1.188,OK,
누리로,2,8,0,0.25,0.25,21.502,1.188,21.752,22.94,16,16,21.7,22.346,0.7,RIGHT,1.188,1.188,OK,
누리로,2,8,0,0.25,0.25,21.502,1.188,21.752,22.94,17,17,23.1,22.346,0.7,LEFT,1.188,1.188,OK,
누리로,2,8,0,0.3,0.3,21.502,1.188,21.802,22.99,16,16,21.7,22.396,0.7,RIGHT,1.188,1.188,OK,
누리로,2,8,0,0.3,0.3,21.502,1.188,21.802,22.99,17,17,23.1,22.396,0.7,LEFT,1.188,1.188,OK,
누리로,2,8,0,0.35,0.35,21.502,1.188,21.852,23.04,16,16,21.7,22.446,0.7,RIGHT,1.188,1.188,OK,
누리로,2,8,0,0.35,0.35,21.502,1.188,21.852,23.04,17,17,23.1,22.446,0.7,LEFT,1.188,1.188,OK,
누리로,2,7,0.175,-0.35,-0.175,21.502,1.188,21.327,22.515,16,16,21.7,21.921,1.225,RIGHT,1.188,1.188,OK,
누리로,2,7,0.175,-0.35,-0.175,21.502,1.188,21.327,22.515,17,17,23.1,21.921,0.175,LEFT,1.188,1.188,OK,
누리로,2,7,0.175,-0.3,-0.125,21.502,1.188,21.377,22.565,16,16,21.7,21.971,1.05,RIGHT,1.188,1.188,OK,
누리로,2,7,0.175,-0.3,-0.125,21.502,1.188,21.377,22.565,17,17,23.1,21.971,0.175,LEFT,1.188,1.188,OK,
누리로,2,7,0.175,-0.25,-0.075,21.502,1.188,21.427,22.615,16,16,21.7,22.021,1.05,RIGHT,1.188,1.188,OK,
누리로,2,7,0.175,-0.25,-0.075,21.502,1.188,21.427,22.615,17,17,23.1,22.021,0.35,LEFT,1.188,1.188,OK,
누리로,2,7,0.175,-0.2,-0.025,21.502,1.188,21.477,22.665,16,16,21.7,22.071,1.05,RIGHT,1.188,1.188,OK,
누리로,2,7,0.175,-0.2,-0.025,21.502,1.188,21.477,22.665,17,17,23.1,22.071,0.35,LEFT,1.188,1.188,OK,
누리로,2,7,0.175,-0.15,0.025,21.502,1.188,21.527,22.715,16,16,21.7,22.121,0.875,RIGHT,1.188,1.188,OK,
누리로,2,7,0.175,-0.15,0.025,21.502,1.188,21.527,22.715,17,17,23.1,22.121,0.35,LEFT,1.188,1.188,OK,
누리로,2,7,0.175,-0.1,0.075,21.502,1.188,21.577,22.765,16,16,21.7,22.171,0.875,RIGHT,1.188,1.188,OK,
누리로,2,7,0.175,-0.1,0.075,21.502,1.188,21.577,22.765,17,17,23.1,22.171,0.525,LEFT,1.188,1.188,OK,
누리로,2,7,0.175,-0.05,0.125,21.502,1.188,21.627,22.815,16,16,21.7,22.221,0.875,RIGHT,1.188,1.188,OK,
누리로,2,7,0.175,-0.05,0.125,21.502,1.188,21.627,22.815,17,17,23.1,22.221,0.525,LEFT,1.188,1.188,OK,
누리로,2,7,0.175,0,0.175,21.502,1.188,21.677,22.865,16,16,21.7,22.271,0.875,RIGHT,1.188,1.188,OK,
누리로,2,7,0.175,0,0.175,21.502,1.188,21.677,22.865,17,17,23.1,22.271,0.525,LEFT,1.188,1.188,OK,
누리로,2,7,0.175,0.05,0.225,21.502,1.188,21.727,22.915,16,16,21.7,22.321,0.7,RIGHT,1.188,1.188,OK,
누리로,2,7,0.175,0.05,0.225,21.502,1.188,21.727,22.915,17,17,23.1,22.321,0.525,LEFT,1.188,1.188,OK,
누리로,2,7,0.175,0.1,0.275,21.502,1.188,21.777,22.965,16,16,21.7,22.371,0.7,RIGHT,1.188,1.188,OK,
누리로,2,7,0.175,0.1,0.275,21.502,1.188,21.777,22.965,17,17,23.1,22.371,0.7,LEFT,1.188,1.188,OK,
누리로,2,7,0.175,0.15,0.325,21.502,1.188,21.827,23.015,16,16,21.7,22.421,0.7,RIGHT,1.188,1.188,OK,
누리로,2,7,0.175,0.15,0.325,21.502,1.188,21.827,23.015,17,17,23.1,22.421,0.7,LEFT,1.188,1.188,OK,
누리로,2,7,0.175,0.2,0.375,21.502,1.188,21.877,23.065,16,16,21.7,22.471,0.525,RIGHT,1.188,1.188,OK,
누리로,2,7,0.175,0.2,0.375,21.502,1.188,21.877,23.065,17,17,23.1,22.471,0.7,LEFT,1.188,1.188,OK,
누리로,2,7,0.175,0.25,0.425,21.502,1.188,21.927,23.115,16,16,21.7,22.521,0.525,RIGHT,1.188,1.188,OK,
누리로,2,7,0.175,0.25,0.425,21.502,1.188,21.927,23.115,17,17,23.1,22.521,0.875,LEFT,1.188,1.188,OK,
누리로,2,7,0.175,0.3,0.475,21.502,1.188,21.977,23.165,16,16,21.7,22.571,0.525,RIGHT,1.188,1.188,OK,
누리로,2,7,0.175,0.3,0.475,21.502,1.188,21.977,23.165,17,17,23.1,22.571,0.875,LEFT,1.188,1.188,OK,
누리로,2,7,0.175,0.35,0.525,21.502,1.188,22.027,23.215,16,16,21.7,22.621,0.525,RIGHT,1.188,1.188,OK,
누리로,2,7,0.175,0.35,0.525,21.502,1.188,22.027,23.215,17,17,23.1,22.621,0.875,LEFT,1.188,1.188,OK,
누리로,2,6,0.35,-0.35,0,21.502,1.188,21.502,22.69,16,16,21.7,22.096,1.05,RIGHT,1.188,1.188,OK,
누리로,2,6,0.35,-0.35,0,21.502,1.188,21.502,22.69,17,17,23.1,22.096,0.35,LEFT,1.188,1.188,OK,
누리로,2,6,0.35,-0.3,0.05,21.502,1.188,21.552,22.74,16,16,21.7,22.146,0.875,RIGHT,1.188,1.188,OK,
누리로,2,6,0.35,-0.3,0.05,21.502,1.188,21.552,22.74,17,17,23.1,22.146,0.35,LEFT,1.188,1.188,OK,
누리로,2,6,0.35,-0.25,0.1,21.502,1.188,21.602,22.79,16,16,21.7,22.196,0.875,RIGHT,1.188,1.188,OK,
누리로,2,6,0.35,-0.25,0.1,21.502,1.188,21.602,22.79,17,17,23.1,22.196,0.525,LEFT,1.188,1.188,OK,
누리로,2,6,0.35,-0.2,0.15,21.502,1.188,21.652,22.84,16,16,21.7,22.246,0.875,RIGHT,1.188,1.188,OK,
누리로,2,6,0.35,-0.2,0.15,21.502,1.188,21.652,22.84,17,17,23.1,22.246,0.525,LEFT,1.188,1.188,OK,
누리로,2,6,0.35,-0.15,0.2,21.502,1.188,21.702,22.89,16,16,21.7,22.296,0.7,RIGHT,1.188,1.188,OK,
누리로,2,6,0.35,-0.15,0.2,21.502,1.188,21.702,22.89,17,17,23.1,22.296,0.525,LEFT,1.188,1.188,OK,
누리로,2,6,0.35,-0.1,0.25,21.502,1.188,21.752,22.94,16,16,21.7,22.346,0.7,RIGHT,1.188,1.188,OK,
누리로,2,6,0.35,-0.1,0.25,21.502,1.188,21.752,22.94,17,17,23.1,22.346,0.7,LEFT,1.188,1.188,OK,
누리로,2,6,0.35,-0.05,0.3,21.502,1.188,21.802,22.99,16,16,21.7,22.396,0.7,RIGHT,1.188,1.188,OK,
누리로,2,6,0.35,-0.05,0.3,21.502,1.188,21.802,22.99,17,17,23.1,22.396,0.7,LEFT,1.188,1.188,OK,
누리로,2,6,0.35,0,0.35,21.502,1.188,21.852,23.04,16,16,21.7,22.446,0.7,RIGHT,1.188,1.188,OK,
누리로,2,6,0.35,0,0.35,21.502,1.188,21.852,23.04,17,17,23.1,22.446,0.7,LEFT,1.188,1.188,OK,
누리로,2,6,0.35,0.05,0.4,21.502,1.188,21.902,23.09,16,16,21.7,22.496,0.525,RIGHT,1.188,1.188,OK,
누리로,2,6,0.35,0.05,0.4,21.502,1.188,21.902,23.09,17,17,23.1,22.496,0.7,LEFT,1.188,1.188,OK,
누리로,2,6,0.35,0.1,0.45,21.502,1.188,21.952,23.14,16,16,21.7,22.546,0.525,RIGHT,1.188,1.188,OK,
누리로,2,6,0.35,0.1,0.45,21.502,1.188,21.952,23.14,17,17,23.1,22.546,0.875,LEFT,1.188,1.188,OK,
누리로,2,6,0.35,0.15,0.5,21.502,1.188,22.002,23.19,16,16,21.7,22.596,0.525,RIGHT,1.188,1.188,OK,
누리로,2,6,0.35,0.15,0.5,21.502,1.188,22.002,23.19,17,17,23.1,22.596,0.875,LEFT,1.188,1.188,OK,
누리로,2,6,0.35,0.2,0.55,21.502,1.188,22.052,23.24,16,16,21.7,22.646,0.35,RIGHT,1.188,1.188,OK,
누리로,2,6,0.35,0.2,0.55,21.502,1.188,22.052,23.24,17,17,23.1,22.646,0.875,LEFT,1.188,1.188,OK,
누리로,2,6,0.35,0.25,0.6,21.502,1.188,22.102,23.29,16,16,21.7,22.696,0.35,RIGHT,1.188,1.188,OK,
누리로,2,6,0.35,0.25,0.6,21.502,1.188,22.102,23.29,17,17,23.1,22.696,1.05,LEFT,1.188,1.188,OK,
누리로,2,6,0.35,0.3,0.65,21.502,1.188,22.152,23.34,16,16,21.7,22.746,0.35,RIGHT,1.188,1.188,OK,
누리로,2,6,0.35,0.3,0.65,21.502,1.188,22.152,23.34,17,17,23.1,22.746,1.05,LEFT,1.188,1.188,OK,
누리로,2,6,0.35,0.35,0.7,21.502,1.188,22.202,23.39,16,16,21.7,22.796,0.35,RIGHT,1.188,1.188,OK,
누리로,2,6,0.35,0.35,0.7,21.502,1.188,22.202,23.39,17,17,23.1,22.796,1.05,LEFT,1.188,1.188,OK,
누리로,2,5,0.525,-0.35,0.175,21.502,1.188,21.677,22.865,16,16,21.7,22.271,0.875,RIGHT,1.188,1.188,OK,
누리로,2,5,0.525,-0.35,0.175,21.502,1.188,21.677,22.865,17,17,23.1,22.271,0.525,LEFT,1.188,1.188,OK,
누리로,2,5,0.525,-0.3,0.225,21.502,1.188,21.727,22.915,16,16,21.7,22.321,0.7,RIGHT,1.188,1.188,OK,
누리로,2,5,0.525,-0.3,0.225,21.502,1.188,21.727,22.915,17,17,23.1,22.321,0.525,LEFT,1.188,1.188,OK,
누리로,2,5,0.525,-0.25,0.275,21.502,1.188,21.777,22.965,16,16,21.7,22.371,0.7,RIGHT,1.188,1.188,OK,
누리로,2,5,0.525,-0.25,0.275,21.502,1.188,21.777,22.965,17,17,23.1,22.371,0.7,LEFT,1.188,1.188,OK,
누리로,2,5,0.525,-0.2,0.325,21.502,1.188,21.827,23.015,16,16,21.7,22.421,0.7,RIGHT,1.188,1.188,OK,
누리로,2,5,0.525,-0.2,0.325,21.502,1.188,21.827,23.015,17,17,23.1,22.421,0.7,LEFT,1.188,1.188,OK,
누리로,2,5,0.525,-0.15,0.375,21.502,1.188,21.877,23.065,16,16,21.7,22.471,0.525,RIGHT,1.188,1.188,OK,
누리로,2,5,0.525,-0.15,0.375,21.502,1.188,21.877,23.065,17,17,23.1,22.471,0.7,LEFT,1.188,1.188,OK,
누리로,2,5,0.525,-0.1,0.425,21.502,1.188,21.927,23.115,16,16,21.7,22.521,0.525,RIGHT,1.188,1.188,OK,
누리로,2,5,0.525,-0.1,0.425,21.502,1.188,21.927,23.115,17,17,23.1,22.521,0.875,LEFT,1.188,1.188,OK,
누리로,2,5,0.525,-0.05,0.475,21.502,1.188,21.977,23.165,16,16,21.7,22.571,0.525,RIGHT,1.188,1.188,OK,
누리로,2,5,0.525,-0.05,0.475,21.502,1.188,21.977,23.165,17,17,23.1,22.571,0.875,LEFT,1.188,1.188,OK,
누리로,2,5,0.525,0,0.525,21.502,1.188,22.027,23.215,16,16,21.7,22.621,0.525,RIGHT,1.188,1.188,OK,
누리로,2,5,0.525,0,0.525,21.502,1.188,22.027,23.215,17,17,23.1,22.621,0.875,LEFT,1.188,1.188,OK,
누리로,2,5,0.525,0.05,0.575,21.502,1.188,22.077,23.265,16,16,21.7,22.671,0.35,RIGHT,1.188,1.188,OK,
누리로,2,5,0.525,0.05,0.575,21.502,1.188,22.077,23.265,17,17,23.1,22.671,0.875,LEFT,1.188,1.188,OK,
누리로,2,5,0.525,0.1,0.625,21.502,1.188,22.127,23.315,16,16,21.7,22.721,0.35,RIGHT,1.188,1.188,OK,
누리로,2,5,0.525,0.1,0.625,21.502,1.188,22.127,23.315,17,17,23.1,22.721,1.05,LEFT,1.188,1.188,OK,
누리로,2,5,0.525,0.15,0.675,21.502,1.188,22.177,23.365,16,16,21.7,22.771,0.35,RIGHT,1.188,1.188,OK,
누리로,2,5,0.525,0.15,0.675,21.502,1.188,22.177,23.365,17,17,23.1,22.771,1.05,LEFT,1.188,1.188,OK,
누리로,2,5,0.525,0.2,0.725,21.502,1.188,22.227,23.415,16,16,21.7,22.821,0.175,RIGHT,1.188,1.188,OK,
누리로,2,5,0.525,0.2,0.725,21.502,1.188,22.227,23.415,17,17,23.1,22.821,1.05,LEFT,1.188,1.188,OK,
누리로,2,5,0.525,0.25,0.775,21.502,1.188,22.277,23.465,16,16,21.7,22.871,0.175,RIGHT,1.188,1.188,OK,
누리로,2,5,0.525,0.25,0.775,21.502,1.188,22.277,23.465,17,17,23.1,22.871,1.225,LEFT,1.188,1.188,OK,
누리로,2,5,0.525,0.3,0.825,21.502,1.188,22.327,23.515,16,16,21.7,22.921,0.175,RIGHT,1.188,1.188,OK,
누리로,2,5,0.525,0.3,0.825,21.502,1.188,22.327,23.515,17,17,23.1,22.921,1.225,LEFT,1.188,1.188,OK,
누리로,2,5,0.525,0.35,0.875,21.502,1.188,22.377,23.565,16,16,21.7,22.971,0.175,RIGHT,1.188,1.188,OK,
누리로,2,5,0.525,0.35,0.875,21.502,1.188,22.377,23.565,17,17,23.1,22.971,1.225,LEFT,1.188,1.188,OK,
누리로,2,4,0.7,-0.35,0.35,21.502,1.188,21.852,23.04,16,16,21.7,22.446,0.7,RIGHT,1.188,1.188,OK,
누리로,2,4,0.7,-0.35,0.35,21.502,1.188,21.852,23.04,17,17,23.1,22.446,0.7,LEFT,1.188,1.188,OK,
누리로,2,4,0.7,-0.3,0.4,21.502,1.188,21.902,23.09,16,16,21.7,22.496,0.525,RIGHT,1.188,1.188,OK,
누리로,2,4,0.7,-0.3,0.4,21.502,1.188,21.902,23.09,17,17,23.1,22.496,0.7,LEFT,1.188,1.188,OK,
누리로,2,4,0.7,-0.25,0.45,21.502,1.188,21.952,23.14,16,16,21.7,22.546,0.525,RIGHT,1.188,1.188,OK,
누리로,2,4,0.7,-0.25,0.45,21.502,1.188,21.952,23.14,17,17,23.1,22.546,0.875,LEFT,1.188,1.188,OK,
누리로,2,4,0.7,-0.2,0.5,21.502,1.188,22.002,23.19,16,16,21.7,22.596,0.525,RIGHT,1.188,1.188,OK,
누리로,2,4,0.7,-0.2,0.5,21.502,1.188,22.002,23.19,17,17,23.1,22.596,0.875,LEFT,1.188,1.188,OK,
누리로,2,4,0.7,-0.15,0.55,21.502,1.188,22.052,23.24,16,16,21.7,22.646,0.35,RIGHT,1.188,1.188,OK,
누리로,2,4,0.7,-0.15,0.55,21.502,1.188,22.052,23.24,17,17,23.1,22.646,0.875,LEFT,1.188,1.188,OK,
누리로,2,4,0.7,-0.1,0.6,21.502,1.188,22.102,23.29,16,16,21.7,22.696,0.35,RIGHT,1.188,1.188,OK,
누리로,2,4,0.7,-0.1,0.6,21.502,1.188,22.102,23.29,17,17,23.1,22.696,1.05,LEFT,1.188,1.188,OK,
누리로,2,4,0.7,-0.05,0.65,21.502,1.188,22.152,23.34,16,16,21.7,22.746,0.35,RIGHT,1.188,1.188,OK,
누리로,2,4,0.7,-0.05,0.65,21.502,1.188,22.152,23.34,17,17,23.1,22.746,1.05,LEFT,1.188,1.188,OK,
누리로,2,4,0.7,0,0.7,21.502,1.188,22.202,23.39,16,16,21.7,22.796,0.35,RIGHT,1.188,1.188,OK,
누리로,2,4,0.7,0,0.7,21.502,1.188,22.202,23.39,17,17,23.1,22.796,1.05,LEFT,1.188,1.188,OK,
누리로,2,4,0.7,0.05,0.75,21.502,1.188,22.252,23.44,16,16,21.7,22.846,0.175,RIGHT,1.188,1.188,OK,
누리로,2,4,0.7,0.05,0.75,21.502,1.188,22.252,23.44,17,17,23.1,22.846,1.05,LEFT,1.188,1.188,OK,
누리로,2,4,0.7,0.1,0.8,21.502,1.188,22.302,23.49,16,16,21.7,22.896,0.175,RIGHT,1.188,1.188,OK,
누리로,2,4,0.7,0.1,0.8,21.502,1.188,22.302,23.49,17,17,23.1,22.896,1.225,LEFT,1.188,1.188,OK,
누리로,2,4,0.7,0.15,0.85,21.502,1.188,22.352,23.54,16,16,21.7,22.946,0.175,RIGHT,1.188,1.188,OK,
누리로,2,4,0.7,0.15,0.85,21.502,1.188,22.352,23.54,17,17,23.1,22.946,1.225,LEFT,1.188,1.188,OK,
누리로,2,4,0.7,0.2,0.9,21.502,1.188,22.402,23.59,17,17,23.1,22.996,1.225,LEFT,1.188,1.188,OK,
누리로,2,4,0.7,0.25,0.95,21.502,1.188,22.452,23.64,17,17,23.1,23.046,1.4,LEFT,1.188,1.188,OK,
누리로,2,4,0.7,0.3,1,21.502,1.188,22.502,23.69,17,17,23.1,23.096,1.4,LEFT,1.188,1.188,OK,
누리로,2,4,0.7,0.35,1.05,21.502,1.188,22.552,23.74,17,17,23.1,23.146,1.4,RIGHT,1.188,1.188,OK,
누리로,2,3,0.875,-0.35,0.525,21.502,1.188,22.027,23.215,16,16,21.7,22.621,0.525,RIGHT,1.188,1.188,OK,
누리로,2,3,0.875,-0.35,0.525,21.502,1.188,22.027,23.215,17,17,23.1,22.621,0.875,LEFT,1.188,1.188,OK,
누리로,2,3,0.875,-0.3,0.575,21.502,1.188,22.077,23.265,16,16,21.7,22.671,0.35,RIGHT,1.188,1.188,OK,
누리로,2,3,0.875,-0.3,0.575,21.502,1.188,22.077,23.265,17,17,23.1,22.671,0.875,LEFT,1.188,1.188,OK,
누리로,2,3,0.875,-0.25,0.625,21.502,1.188,22.127,23.315,16,16,21.7,22.721,0.35,RIGHT,1.188,1.188,OK,
누리로,2,3,0.875,-0.25,0.625,21.502,1.188,22.127,23.315,17,17,23.1,22.721,1.05,LEFT,1.188,1.188,OK,
누리로,2,3,0.875,-0.2,0.675,21.502,1.188,22.177,23.365,16,16,21.7,22.771,0.35,RIGHT,1.188,1.188,OK,
누리로,2,3,0.875,-0.2,0.675,21.502,1.188,22.177,23.365,17,17,23.1,22.771,1.05,LEFT,1.188,1.188,OK,
누리로,2,3,0.875,-0.15,0.725,21.502,1.188,22.227,23.415,16,16,21.7,22.821,0.175,RIGHT,1.188,1.188,OK,
누리로,2,3,0.875,-0.15,0.725,21.502,1.188,22.227,23.415,17,17,23.1,22.821,1.05,LEFT,1.188,1.188,OK,
누리로,2,3,0.875,-0.1,0.775,21.502,1.188,22.277,23.465,16,16,21.7,22.871,0.175,RIGHT,1.188,1.188,OK,
누리로,2,3,0.875,-0.1,0.775,21.502,1.188,22.277,23.465,17,17,23.1,22.871,1.225,LEFT,1.188,1.188,OK,
누리로,2,3,0.875,-0.05,0.825,21.502,1.188,22.327,23.515,16,16,21.7,22.921,0.175,RIGHT,1.188,1.188,OK,
누리로,2,3,0.875,-0.05,0.825,21.502,1.188,22.327,23.515,17,17,23.1,22.921,1.225,LEFT,1.188,1.188,OK,
누리로,2,3,0.875,0,0.875,21.502,1.188,22.377,23.565,16,16,21.7,22.971,0.175,RIGHT,1.188,1.188,OK,
누리로,2,3,0.875,0,0.875,21.502,1.188,22.377,23.565,17,17,23.1,22.971,1.225,LEFT,1.188,1.188,OK,
누리로,2,3,0.875,0.05,0.925,21.502,1.188,22.427,23.615,17,17,23.1,23.021,1.225,LEFT,1.188,1.188,OK,
누리로,2,3,0.875,0.1,0.975,21.502,1.188,22.477,23.665,17,17,23.1,23.071,1.4,LEFT,1.188,1.188,OK,
누리로,2,3,0.875,0.15,1.025,21.502,1.188,22.527,23.715,17,17,23.1,23.121,1.4,RIGHT,1.188,1.188,OK,
누리로,2,3,0.875,0.2,1.075,21.502,1.188,22.577,23.765,17,17,23.1,23.171,1.225,RIGHT,1.188,1.188,OK,
누리로,2,3,0.875,0.25,1.125,21.502,1.188,22.627,23.815,17,17,23.1,23.221,1.225,RIGHT,1.188,1.188,OK,
누리로,2,3,0.875,0.25,1.125,21.502,1.188,22.627,23.815,10,10,24.5,23.221,0.175,LEFT,1.188,1.188,OK,
누리로,2,3,0.875,0.3,1.175,21.502,1.188,22.677,23.865,17,17,23.1,23.271,1.225,RIGHT,1.188,1.188,OK,
누리로,2,3,0.875,0.3,1.175,21.502,1.188,22.677,23.865,10,10,24.5,23.271,0.175,LEFT,1.188,1.188,OK,
누리로,2,3,0.875,0.35,1.225,21.502,1.188,22.727,23.915,17,17,23.1,23.321,1.225,RIGHT,1.188,1.188,OK,
누리로,2,3,0.875,0.35,1.225,21.502,1.188,22.727,23.915,10,10,24.5,23.321,0.175,LEFT,1.188,1.188,OK,
누리로,2,2,1.05,-0.35,0.7,21.502,1.188,22.202,23.39,16,16,21.7,22.796,0.35,RIGHT,1.188,1.188,OK,
누리로,2,2,1.05,-0.35,0.7,21.502,1.188,22.202,23.39,17,17,23.1,22.796,1.05,LEFT,1.188,1.188,OK,
누리로,2,2,1.05,-0.3,0.75,21.502,1.188,22.252,23.44,16,16,21.7,22.846,0.175,RIGHT,1.188,1.188,OK,
누리로,2,2,1.05,-0.3,0.75,21.502,1.188,22.252,23.44,17,17,23.1,22.846,1.05,LEFT,1.188,1.188,OK,
누리로,2,2,1.05,-0.25,0.8,21.502,1.188,22.302,23.49,16,16,21.7,22.896,0.175,RIGHT,1.188,1.188,OK,
누리로,2,2,1.05,-0.25,0.8,21.502,1.188,22.302,23.49,17,17,23.1,22.896,1.225,LEFT,1.188,1.188,OK,
누리로,2,2,1.05,-0.2,0.85,21.502,1.188,22.352,23.54,16,16,21.7,22.946,0.175,RIGHT,1.188,1.188,OK,
누리로,2,2,1.05,-0.2,0.85,21.502,1.188,22.352,23.54,17,17,23.1,22.946,1.225,LEFT,1.188,1.188,OK,
누리로,2,2,1.05,-0.15,0.9,21.502,1.188,22.402,23.59,17,17,23.1,22.996,1.225,LEFT,1.188,1.188,OK,
누리로,2,2,1.05,-0.1,0.95,21.502,1.188,22.452,23.64,17,17,23.1,23.046,1.4,LEFT,1.188,1.188,OK,
누리로,2,2,1.05,-0.05,1,21.502,1.188,22.502,23.69,17,17,23.1,23.096,1.4,LEFT,1.188,1.188,OK,
누리로,2,2,1.05,0,1.05,21.502,1.188,22.552,23.74,17,17,23.1,23.146,1.4,RIGHT,1.188,1.188,OK,
누리로,2,2,1.05,0.05,1.1,21.502,1.188,22.602,23.79,17,17,23.1,23.196,1.225,RIGHT,1.188,1.188,OK,
누리로,2,2,1.05,0.1,1.15,21.502,1.188,22.652,23.84,17,17,23.1,23.246,1.225,RIGHT,1.188,1.188,OK,
누리로,2,2,1.05,0.1,1.15,21.502,1.188,22.652,23.84,10,10,24.5,23.246,0.175,LEFT,1.188,1.188,OK,
누리로,2,2,1.05,0.15,1.2,21.502,1.188,22.702,23.89,17,17,23.1,23.296,1.225,RIGHT,1.188,1.188,OK,
누리로,2,2,1.05,0.15,1.2,21.502,1.188,22.702,23.89,10,10,24.5,23.296,0.175,LEFT,1.188,1.188,OK,
누리로,2,2,1.05,0.2,1.25,21.502,1.188,22.752,23.94,17,17,23.1,23.346,1.05,RIGHT,1.188,1.188,OK,
누리로,2,2,1.05,0.2,1.25,21.502,1.188,22.752,23.94,10,10,24.5,23.346,0.175,LEFT,1.188,1.188,OK,
누리로,2,2,1.05,0.25,1.3,21.502,1.188,22.802,23.99,17,17,23.1,23.396,1.05,RIGHT,1.188,1.188,OK,
누리로,2,2,1.05,0.25,1.3,21.502,1.188,22.802,23.99,10,10,24.5,23.396,0.35,LEFT,1.188,1.188,OK,
누리로,2,2,1.05,0.3,1.35,21.502,1.188,22.852,24.04,17,17,23.1,23.446,1.05,RIGHT,1.188,1.188,OK,
누리로,2,2,1.05,0.3,1.35,21.502,1.188,22.852,24.04,10,10,24.5,23.446,0.35,LEFT,1.188,1.188,OK,
누리로,2,2,1.05,0.35,1.4,21.502,1.188,22.902,24.09,17,17,23.1,23.496,1.05,RIGHT,1.188,1.188,OK,
누리로,2,2,1.05,0.35,1.4,21.502,1.188,22.902,24.09,10,10,24.5,23.496,0.35,LEFT,1.188,1.188,OK,
누리로,2,1,1.225,-0.35,0.875,21.502,1.188,22.377,23.565,16,16,21.7,22.971,0.175,RIGHT,1.188,1.188,OK,
누리로,2,1,1.225,-0.35,0.875,21.502,1.188,22.377,23.565,17,17,23.1,22.971,1.225,LEFT,1.188,1.188,OK,
누리로,2,1,1.225,-0.3,0.925,21.502,1.188,22.427,23.615,17,17,23.1,23.021,1.225,LEFT,1.188,1.188,OK,
누리로,2,1,1.225,-0.25,0.975,21.502,1.188,22.477,23.665,17,17,23.1,23.071,1.4,LEFT,1.188,1.188,OK,
누리로,2,1,1.225,-0.2,1.025,21.502,1.188,22.527,23.715,17,17,23.1,23.121,1.4,RIGHT,1.188,1.188,OK,
누리로,2,1,1.225,-0.15,1.075,21.502,1.188,22.577,23.765,17,17,23.1,23.171,1.225,RIGHT,1.188,1.188,OK,
누리로,2,1,1.225,-0.1,1.125,21.502,1.188,22.627,23.815,17,17,23.1,23.221,1.225,RIGHT,1.188,1.188,OK,
누리로,2,1,1.225,-0.1,1.125,21.502,1.188,22.627,23.815,10,10,24.5,23.221,0.175,LEFT,1.188,1.188,OK,
누리로,2,1,1.225,-0.05,1.175,21.502,1.188,22.677,23.865,17,17,23.1,23.271,1.225,RIGHT,1.188,1.188,OK,
누리로,2,1,1.225,-0.05,1.175,21.502,1.188,22.677,23.865,10,10,24.5,23.271,0.175,LEFT,1.188,1.188,OK,
누리로,2,1,1.225,0,1.225,21.502,1.188,22.727,23.915,17,17,23.1,23.321,1.225,RIGHT,1.188,1.188,OK,
누리로,2,1,1.225,0,1.225,21.502,1.188,22.727,23.915,10,10,24.5,23.321,0.175,LEFT,1.188,1.188,OK,
누리로,2,1,1.225,0.05,1.275,21.502,1.188,22.777,23.965,17,17,23.1,23.371,1.05,RIGHT,1.188,1.188,OK,
누리로,2,1,1.225,0.05,1.275,21.502,1.188,22.777,23.965,10,10,24.5,23.371,0.175,LEFT,1.188,1.188,OK,
누리로,2,1,1.225,0.1,1.325,21.502,1.188,22.827,24.015,17,17,23.1,23.421,1.05,RIGHT,1.188,1.188,OK,
누리로,2,1,1.225,0.1,1.325,21.502,1.188,22.827,24.015,10,10,24.5,23.421,0.35,LEFT,1.188,1.188,OK,
누리로,2,1,1.225,0.15,1.375,21.502,1.188,22.877,24.065,17,17,23.1,23.471,1.05,RIGHT,1.188,1.188,OK,
누리로,2,1,1.225,0.15,1.375,21.502,1.188,22.877,24.065,10,10,24.5,23.471,0.35,LEFT,1.188,1.188,OK,
누리로,2,1,1.225,0.2,1.425,21.502,1.188,22.927,24.115,17,17,23.1,23.521,0.875,RIGHT,1.188,1.188,OK,
누리로,2,1,1.225,0.2,1.425,21.502,1.188,22.927,24.115,10,10,24.5,23.521,0.35,LEFT,1.188,1.188,OK,
누리로,2,1,1.225,0.25,1.475,21.502,1.188,22.977,24.165,17,17,23.1,23.571,0.875,RIGHT,1.188,1.188,OK,
누리로,2,1,1.225,0.25,1.475,21.502,1.188,22.977,24.165,10,10,24.5,23.571,0.525,LEFT,1.188,1.188,OK,
누리로,2,1,1.225,0.3,1.525,21.502,1.188,23.027,24.215,17,17,23.1,23.621,0.875,RIGHT,1.188,1.188,OK,
누리로,2,1,1.225,0.3,1.525,21.502,1.188,23.027,24.215,10,10,24.5,23.621,0.525,LEFT,1.188,1.188,OK,
누리로,2,1,1.225,0.35,1.575,21.502,1.188,23.077,24.265,17,17,23.1,23.671,0.875,RIGHT,1.188,1.188,OK,
누리로,2,1,1.225,0.35,1.575,21.502,1.188,23.077,24.265,10,10,24.5,23.671,0.525,LEFT,1.188,1.188,OK,
KTX,1,8,0,-0.35,-0.35,16.6,1.1,16.25,17.35,4,4,16.1,16.8,0.7,RIGHT,1.1,1.1,OK,
KTX,1,8,0,-0.35,-0.35,16.6,1.1,16.25,17.35,5,5,17.5,16.8,0.7,LEFT,1.1,1.1,OK,
KTX,1,8,0,-0.3,-0.3,16.6,1.1,16.3,17.4,4,4,16.1,16.85,0.525,RIGHT,1.1,1.1,OK,
KTX,1,8,0,-0.3,-0.3,16.6,1.1,16.3,17.4,5,5,17.5,16.85,0.7,LEFT,1.1,1.1,OK,
KTX,1,8,0,-0.25,-0.25,16.6,1.1,16.35,17.45,4,4,16.1,16.9,0.525,RIGHT,1.1,1.1,OK,
KTX,1,8,0,-0.25,-0.25,16.6,1.1,16.35,17.45,5,5,17.5,16.9,0.7,LEFT,1.1,1.1,OK,
KTX,1,8,0,-0.2,-0.2,16.6,1.1,16.4,17.5,4,4,16.1,16.95,0.525,RIGHT,1.1,1.1,OK,
KTX,1,8,0,-0.2,-0.2,16.6,1.1,16.4,17.5,5,5,17.5,16.95,0.7,LEFT,1.1,1.1,OK,
KTX,1,8,0,-0.15,-0.15,16.6,1.1,16.45,17.55,4,4,16.1,17,0.35,RIGHT,1.1,1.1,OK,
KTX,1,8,0,-0.15,-0.15,16.6,1.1,16.45,17.55,5,5,17.5,17,0.875,LEFT,1.1,1.1,OK,
KTX,1,8,0,-0.1,-0.1,16.6,1.1,16.5,17.6,4,4,16.1,17.05,0.35,RIGHT,1.1,1.1,OK,
KTX,1,8,0,-0.1,-0.1,16.6,1.1,16.5,17.6,5,5,17.5,17.05,0.875,LEFT,1.1,1.1,OK,
KTX,1,8,0,-0.05,-0.05,16.6,1.1,16.55,17.65,4,4,16.1,17.1,0.35,RIGHT,1.1,1.1,OK,
KTX,1,8,0,-0.05,-0.05,16.6,1.1,16.55,17.65,5,5,17.5,17.1,0.875,LEFT,1.1,1.1,OK,
KTX,1,8,0,0,0,16.6,1.1,16.6,17.7,4,4,16.1,17.15,0.35,RIGHT,1.1,1.1,OK,
KTX,1,8,0,0,0,16.6,1.1,16.6,17.7,5,5,17.5,17.15,1.05,LEFT,1.1,1.1,OK,
KTX,1,8,0,0.05,0.05,16.6,1.1,16.65,17.75,4,4,16.1,17.2,0.175,RIGHT,1.1,1.1,OK,
KTX,1,8,0,0.05,0.05,16.6,1.1,16.65,17.75,5,5,17.5,17.2,1.05,LEFT,1.1,1.1,OK,
KTX,1,8,0,0.1,0.1,16.6,1.1,16.7,17.8,4,4,16.1,17.25,0.175,RIGHT,1.1,1.1,OK,
KTX,1,8,0,0.1,0.1,16.6,1.1,16.7,17.8,5,5,17.5,17.25,1.05,LEFT,1.1,1.1,OK,
KTX,1,8,0,0.15,0.15,16.6,1.1,16.75,17.85,4,4,16.1,17.3,0.175,RIGHT,1.1,1.1,OK,
KTX,1,8,0,0.15,0.15,16.6,1.1,16.75,17.85,5,5,17.5,17.3,1.05,LEFT,1.1,1.1,OK,
KTX,1,8,0,0.2,0.2,16.6,1.1,16.8,17.9,5,5,17.5,17.35,1.225,LEFT,1.1,1.1,OK,
KTX,1,8,0,0.25,0.25,16.6,1.1,16.85,17.95,5,5,17.5,17.4,1.225,LEFT,1.1,1.1,OK,
KTX,1,8,0,0.3,0.3,16.6,1.1,16.9,18,5,5,17.5,17.45,1.225,LEFT,1.1,1.1,OK,
KTX,1,8,0,0.35,0.35,16.6,1.1,16.95,18.05,5,5,17.5,17.5,1.4,RIGHT,1.1,1.1,OK,
KTX,1,7,0.175,-0.35,-0.175,16.6,1.1,16.425,17.525,4,4,16.1,16.975,0.525,RIGHT,1.1,1.1,OK,
KTX,1,7,0.175,-0.35,-0.175,16.6,1.1,16.425,17.525,5,5,17.5,16.975,0.875,LEFT,1.1,1.1,OK,
KTX,1,7,0.175,-0.3,-0.125,16.6,1.1,16.475,17.575,4,4,16.1,17.025,0.35,RIGHT,1.1,1.1,OK,
KTX,1,7,0.175,-0.3,-0.125,16.6,1.1,16.475,17.575,5,5,17.5,17.025,0.875,LEFT,1.1,1.1,OK,
KTX,1,7,0.175,-0.25,-0.075,16.6,1.1,16.525,17.625,4,4,16.1,17.075,0.35,RIGHT,1.1,1.1,OK,
KTX,1,7,0.175,-0.25,-0.075,16.6,1.1,16.525,17.625,5,5,17.5,17.075,0.875,LEFT,1.1,1.1,OK,
KTX,1,7,0.175,-0.2,-0.025,16.6,1.1,16.575,17.675,4,4,16.1,17.125,0.35,RIGHT,1.1,1.1,OK,
KTX,1,7,0.175,-0.2,-0.025,16.6,1.1,16.575,17.675,5,5,17.5,17.125,0.875,LEFT,1.1,1.1,OK,
KTX,1,7,0.175,-0.15,0.025,16.6,1.1,16.625,17.725,4,4,16.1,17.175,0.175,RIGHT,1.1,1.1,OK,
KTX,1,7,0.175,-0.15,0.025,16.6,1.1,16.625,17.725,5,5,17.5,17.175,1.05,LEFT,1.1,1.1,OK,
KTX,1,7,0.175,-0.1,0.075,16.6,1.1,16.675,17.775,4,4,16.1,17.225,0.175,RIGHT,1.1,1.1,OK,
KTX,1,7,0.175,-0.1,0.075,16.6,1.1,16.675,17.775,5,5,17.5,17.225,1.05,LEFT,1.1,1.1,OK,
KTX,1,7,0.175,-0.05,0.125,16.6,1.1,16.725,17.825,4,4,16.1,17.275,0.175,RIGHT,1.1,1.1,OK,
KTX,1,7,0.175,-0.05,0.125,16.6,1.1,16.725,17.825,5,5,17.5,17.275,1.05,LEFT,1.1,1.1,OK,
KTX,1,7,0.175,0,0.175,16.6,1.1,16.775,17.875,4,4,16.1,17.325,0.175,RIGHT,1.1,1.1,OK,
KTX,1,7,0.175,0,0.175,16.6,1.1,16.775,17.875,5,5,17.5,17.325,1.225,LEFT,1.1,1.1,OK,
KTX,1,7,0.175,0.05,0.225,16.6,1.1,16.825,17.925,5,5,17.5,17.375,1.225,LEFT,1.1,1.1,OK,
KTX,1,7,0.175,0.1,0.275,16.6,1.1,16.875,17.975,5,5,17.5,17.425,1.225,LEFT,1.1,1.1,OK,
KTX,1,7,0.175,0.15,0.325,16.6,1.1,16.925,18.025,5,5,17.5,17.475,1.225,LEFT,1.1,1.1,OK,
KTX,1,7,0.175,0.2,0.375,16.6,1.1,16.975,18.075,5,5,17.5,17.525,1.225,RIGHT,1.1,1.1,OK,
KTX,1,7,0.175,0.25,0.425,16.6,1.1,17.025,18.125,5,5,17.5,17.575,1.225,RIGHT,1.1,1.1,OK,
KTX,1,7,0.175,0.3,0.475,16.6,1.1,17.075,18.175,5,5,17.5,17.625,1.225,RIGHT,1.1,1.1,OK,
KTX,1,7,0.175,0.35,0.525,16.6,1.1,17.125,18.225,5,5,17.5,17.675,1.225,RIGHT,1.1,1.1,OK,
KTX,1,7,0.175,0.35,0.525,16.6,1.1,17.125,18.225,6,6,18.9,17.675,0.175,LEFT,1.1,1.1,OK,
KTX,1,6,0.35,-0.35,0,16.6,1.1,16.6,17.7,4,4,16.1,17.15,0.35,RIGHT,1.1,1.1,OK,
KTX,1,6,0.35,-0.35,0,16.6,1.1,16.6,17.7,5,5,17.5,17.15,1.05,LEFT,1.1,1.1,OK,
KTX,1,6,0.35,-0.3,0.05,16.6,1.1,16.65,17.75,4,4,16.1,17.2,0.175,RIGHT,1.1,1.1,OK,
KTX,1,6,0.35,-0.3,0.05,16.6,1.1,16.65,17.75,5,5,17.5,17.2,1.05,LEFT,1.1,1.1,OK,
KTX,1,6,0.35,-0.25,0.1,16.6,1.1,16.7,17.8,4,4,16.1,17.25,0.175,RIGHT,1.1,1.1,OK,
KTX,1,6,0.35,-0.25,0.1,16.6,1.1,16.7,17.8,5,5,17.5,17.25,1.05,LEFT,1.1,1.1,OK,
KTX,1,6,0.35,-0.2,0.15,16.6,1.1,16.75,17.85,4,4,16.1,17.3,0.175,RIGHT,1.1,1.1,OK,
KTX,1,6,0.35,-0.2,0.15,16.6,1.1,16.75,17.85,5,5,17.5,17.3,1.05,LEFT,1.1,1.1,OK,
KTX,1,6,0.35,-0.15,0.2,16.6,1.1,16.8,17.9,5,5,17.5,17.35,1.225,LEFT,1.1,1.1,OK,
KTX,1,6,0.35,-0.1,0.25,16.6,1.1,16.85,17.95,5,5,17.5,17.4,1.225,LEFT,1.1,1.1,OK,
KTX,1,6,0.35,-0.05,0.3,16.6,1.1,16.9,18,5,5,17.5,17.45,1.225,LEFT,1.1,1.1,OK,
KTX,1,6,0.35,0,0.35,16.6,1.1,16.95,18.05,5,5,17.5,17.5,1.4,RIGHT,1.1,1.1,OK,
KTX,1,6,0.35,0.05,0.4,16.6,1.1,17,18.1,5,5,17.5,17.55,1.225,RIGHT,1.1,1.1,OK,
KTX,1,6,0.35,0.1,0.45,16.6,1.1,17.05,18.15,5,5,17.5,17.6,1.225,RIGHT,1.1,1.1,OK,
KTX,1,6,0.35,0.15,0.5,16.6,1.1,17.1,18.2,5,5,17.5,17.65,1.225,RIGHT,1.1,1.1,OK,
KTX,1,6,0.35,0.2,0.55,16.6,1.1,17.15,18.25,5,5,17.5,17.7,1.05,RIGHT,1.1,1.1,OK,
KTX,1,6,0.35,0.2,0.55,16.6,1.1,17.15,18.25,6,6,18.9,17.7,0.175,LEFT,1.1,1.1,OK,
KTX,1,6,0.35,0.25,0.6,16.6,1.1,17.2,18.3,5,5,17.5,17.75,1.05,RIGHT,1.1,1.1,OK,
KTX,1,6,0.35,0.25,0.6,16.6,1.1,17.2,18.3,6,6,18.9,17.75,0.175,LEFT,1.1,1.1,OK,
KTX,1,6,0.35,0.3,0.65,16.6,1.1,17.25,18.35,5,5,17.5,17.8,1.05,RIGHT,1.1,1.1,OK,
KTX,1,6,0.35,0.3,0.65,16.6,1.1,17.25,18.35,6,6,18.9,17.8,0.175,LEFT,1.1,1.1,OK,
KTX,1,6,0.35,0.35,0.7,16.6,1.1,17.3,18.4,5,5,17.5,17.85,1.05,RIGHT,1.1,1.1,OK,
KTX,1,6,0.35,0.35,0.7,16.6,1.1,17.3,18.4,6,6,18.9,17.85,0.35,LEFT,1.1,1.1,OK,
KTX,1,5,0.525,-0.35,0.175,16.6,1.1,16.775,17.875,4,4,16.1,17.325,0.175,RIGHT,1.1,1.1,OK,
KTX,1,5,0.525,-0.35,0.175,16.6,1.1,16.775,17.875,5,5,17.5,17.325,1.225,LEFT,1.1,1.1,OK,
KTX,1,5,0.525,-0.3,0.225,16.6,1.1,16.825,17.925,5,5,17.5,17.375,1.225,LEFT,1.1,1.1,OK,
KTX,1,5,0.525,-0.25,0.275,16.6,1.1,16.875,17.975,5,5,17.5,17.425,1.225,LEFT,1.1,1.1,OK,
KTX,1,5,0.525,-0.2,0.325,16.6,1.1,16.925,18.025,5,5,17.5,17.475,1.225,LEFT,1.1,1.1,OK,
KTX,1,5,0.525,-0.15,0.375,16.6,1.1,16.975,18.075,5,5,17.5,17.525,1.225,RIGHT,1.1,1.1,OK,
KTX,1,5,0.525,-0.1,0.425,16.6,1.1,17.025,18.125,5,5,17.5,17.575,1.225,RIGHT,1.1,1.1,OK,
KTX,1,5,0.525,-0.05,0.475,16.6,1.1,17.075,18.175,5,5,17.5,17.625,1.225,RIGHT,1.1,1.1,OK,
KTX,1,5,0.525,0,0.525,16.6,1.1,17.125,18.225,5,5,17.5,17.675,1.225,RIGHT,1.1,1.1,OK,
KTX,1,5,0.525,0,0.525,16.6,1.1,17.125,18.225,6,6,18.9,17.675,0.175,LEFT,1.1,1.1,OK,
KTX,1,5,0.525,0.05,0.575,16.6,1.1,17.175,18.275,5,5,17.5,17.725,1.05,RIGHT,1.1,1.1,OK,
KTX,1,5,0.525,0.05,0.575,16.6,1.1,17.175,18.275,6,6,18.9,17.725,0.175,LEFT,1.1,1.1,OK,
KTX,1,5,0.525,0.1,0.625,16.6,1.1,17.225,18.325,5,5,17.5,17.775,1.05,RIGHT,1.1,1.1,OK,
KTX,1,5,0.525,0.1,0.625,16.6,1.1,17.225,18.325,6,6,18.9,17.775,0.175,LEFT,1.1,1.1,OK,
KTX,1,5,0.525,0.15,0.675,16.6,1.1,17.275,18.375,5,5,17.5,17.825,1.05,RIGHT,1.1,1.1,OK,
KTX,1,5,0.525,0.15,0.675,16.6,1.1,17.275,18.375,6,6,18.9,17.825,0.175,LEFT,1.1,1.1,OK,
KTX,1,5,0.525,0.2,0.725,16.6,1.1,17.325,18.425,5,5,17.5,17.875,0.875,RIGHT,1.1,1.1,OK,
KTX,1,5,0.525,0.2,0.725,16.6,1.1,17.325,18.425,6,6,18.9,17.875,0.35,LEFT,1.1,1.1,OK,
KTX,1,5,0.525,0.25,0.775,16.6,1.1,17.375,18.475,5,5,17.5,17.925,0.875,RIGHT,1.1,1.1,OK,
KTX,1,5,0.525,0.25,0.775,16.6,1.1,17.375,18.475,6,6,18.9,17.925,0.35,LEFT,1.1,1.1,OK,
KTX,1,5,0.525,0.3,0.825,16.6,1.1,17.425,18.525,5,5,17.5,17.975,0.875,RIGHT,1.1,1.1,OK,
KTX,1,5,0.525,0.3,0.825,16.6,1.1,17.425,18.525,6,6,18.9,17.975,0.35,LEFT,1.1,1.1,OK,
KTX,1,5,0.525,0.35,0.875,16.6,1.1,17.475,18.575,5,5,17.5,18.025,0.875,RIGHT,1.1,1.1,OK,
KTX,1,5,0.525,0.35,0.875,16.6,1.1,17.475,18.575,6,6,18.9,18.025,0.525,LEFT,1.1,1.1,OK,
KTX,1,4,0.7,-0.35,0.35,16.6,1.1,16.95,18.05,5,5,17.5,17.5,1.4,RIGHT,1.1,1.1,OK,
KTX,1,4,0.7,-0.3,0.4,16.6,1.1,17,18.1,5,5,17.5,17.55,1.225,RIGHT,1.1,1.1,OK,
KTX,1,4,0.7,-0.25,0.45,16.6,1.1,17.05,18.15,5,5,17.5,17.6,1.225,RIGHT,1.1,1.1,OK,
KTX,1,4,0.7,-0.2,0.5,16.6,1.1,17.1,18.2,5,5,17.5,17.65,1.225,RIGHT,1.1,1.1,OK,
KTX,1,4,0.7,-0.15,0.55,16.6,1.1,17.15,18.25,5,5,17.5,17.7,1.05,RIGHT,1.1,1.1,OK,
KTX,1,4,0.7,-0.15,0.55,16.6,1.1,17.15,18.25,6,6,18.9,17.7,0.175,LEFT,1.1,1.1,OK,
KTX,1,4,0.7,-0.1,0.6,16.6,1.1,17.2,18.3,5,5,17.5,17.75,1.05,RIGHT,1.1,1.1,OK,
KTX,1,4,0.7,-0.1,0.6,16.6,1.1,17.2,18.3,6,6,18.9,17.75,0.175,LEFT,1.1,1.1,OK,
KTX,1,4,0.7,-0.05,0.65,16.6,1.1,17.25,18.35,5,5,17.5,17.8,1.05,RIGHT,1.1,1.1,OK,
KTX,1,4,0.7,-0.05,0.65,16.6,1.1,17.25,18.35,6,6,18.9,17.8,0.175,LEFT,1.1,1.1,OK,
KTX,1,4,0.7,0,0.7,16.6,1.1,17.3,18.4,5,5,17.5,17.85,1.05,RIGHT,1.1,1.1,OK,
KTX,1,4,0.7,0,0.7,16.6,1.1,17.3,18.4,6,6,18.9,17.85,0.35,LEFT,1.1,1.1,OK,
KTX,1,4,0.7,0.05,0.75,16.6,1.1,17.35,18.45,5,5,17.5,17.9,0.875,RIGHT,1.1,1.1,OK,
KTX,1,4,0.7,0.05,0.75,16.6,1.1,17.35,18.45,6,6,18.9,17.9,0.35,LEFT,1.1,1.1,OK,
KTX,1,4,0.7,0.1,0.8,16.6,1.1,17.4,18.5,5,5,17.5,17.95,0.875,RIGHT,1.1,1.1,OK,
KTX,1,4,0.7,0.1,0.8,16.6,1.1,17.4,18.5,6,6,18.9,17.95,0.35,LEFT,1.1,1.1,OK,
KTX,1,4,0.7,0.15,0.85,16.6,1.1,17.45,18.55,5,5,17.5,18,0.875,RIGHT,1.1,1.1,OK,
KTX,1,4,0.7,0.15,0.85,16.6,1.1,17.45,18.55,6,6,18.9,18,0.35,LEFT,1.1,1.1,OK,
KTX,1,4,0.7,0.2,0.9,16.6,1.1,17.5,18.6,5,5,17.5,18.05,0.7,RIGHT,1.1,1.1,OK,
KTX,1,4,0.7,0.2,0.9,16.6,1.1,17.5,18.6,6,6,18.9,18.05,0.525,LEFT,1.1,1.1,OK,
KTX,1,4,0.7,0.25,0.95,16.6,1.1,17.55,18.65,5,5,17.5,18.1,0.7,RIGHT,1.1,1.1,OK,
KTX,1,4,0.7,0.25,0.95,16.6,1.1,17.55,18.65,6,6,18.9,18.1,0.525,LEFT,1.1,1.1,OK,
KTX,1,4,0.7,0.3,1,16.6,1.1,17.6,18.7,5,5,17.5,18.15,0.7,RIGHT,1.1,1.1,OK,
KTX,1,4,0.7,0.3,1,16.6,1.1,17.6,18.7,6,6,18.9,18.15,0.525,LEFT,1.1,1.1,OK,
KTX,1,4,0.7,0.35,1.05,16.6,1.1,17.65,18.75,5,5,17.5,18.2,0.7,RIGHT,1.1,1.1,OK,
KTX,1,4,0.7,0.35,1.05,16.6,1.1,17.65,18.75,6,6,18.9,18.2,0.7,LEFT,1.1,1.1,OK,
KTX,1,3,0.875,-0.35,0.525,16.6,1.1,17.125,18.225,5,5,17.5,17.675,1.225,RIGHT,1.1,1.1,OK,
KTX,1,3,0.875,-0.35,0.525,16.6,1.1,17.125,18.225,6,6,18.9,17.675,0.175,LEFT,1.1,1.1,OK,
KTX,1,3,0.875,-0.3,0.575,16.6,1.1,17.175,18.275,5,5,17.5,17.725,1.05,RIGHT,1.1,1.1,OK,
KTX,1,3,0.875,-0.3,0.575,16.6,1.1,17.175,18.275,6,6,18.9,17.725,0.175,LEFT,1.1,1.1,OK,
KTX,1,3,0.875,-0.25,0.625,16.6,1.1,17.225,18.325,5,5,17.5,17.775,1.05,RIGHT,1.1,1.1,OK,
KTX,1,3,0.875,-0.25,0.625,16.6,1.1,17.225,18.325,6,6,18.9,17.775,0.175,LEFT,1.1,1.1,OK,
KTX,1,3,0.875,-0.2,0.675,16.6,1.1,17.275,18.375,5,5,17.5,17.825,1.05,RIGHT,1.1,1.1,OK,
KTX,1,3,0.875,-0.2,0.675,16.6,1.1,17.275,18.375,6,6,18.9,17.825,0.175,LEFT,1.1,1.1,OK,
KTX,1,3,0.875,-0.15,0.725,16.6,1.1,17.325,18.425,5,5,17.5,17.875,0.875,RIGHT,1.1,1.1,OK,
KTX,1,3,0.875,-0.15,0.725,16.6,1.1,17.325,18.425,6,6,18.9,17.875,0.35,LEFT,1.1,1.1,OK,
KTX,1,3,0.875,-0.1,0.775,16.6,1.1,17.375,18.475,5,5,17.5,17.925,0.875,RIGHT,1.1,1.1,OK,
KTX,1,3,0.875,-0.1,0.775,16.6,1.1,17.375,18.475,6,6,18.9,17.925,0.35,LEFT,1.1,1.1,OK,
KTX,1,3,0.875,-0.05,0.825,16.6,1.1,17.425,18.525,5,5,17.5,17.975,0.875,RIGHT,1.1,1.1,OK,
KTX,1,3,0.875,-0.05,0.825,16.6,1.1,17.425,18.525,6,6,18.9,17.975,0.35,LEFT,1.1,1.1,OK,
KTX,1,3,0.875,0,0.875,16.6,1.1,17.475,18.575,5,5,17.5,18.025,0.875,RIGHT,1.1,1.1,OK,
KTX,1,3,0.875,0,0.875,16.6,1.1,17.475,18.575,6,6,18.9,18.025,0.525,LEFT,1.1,1.1,OK,
KTX,1,3,0.875,0.05,0.925,16.6,1.1,17.525,18.625,5,5,17.5,18.075,0.7,RIGHT,1.1,1.1,OK,
KTX,1,3,0.875,0.05,0.925,16.6,1.1,17.525,18.625,6,6,18.9,18.075,0.525,LEFT,1.1,1.1,OK,
KTX,1,3,0.875,0.1,0.975,16.6,1.1,17.575,18.675,5,5,17.5,18.125,0.7,RIGHT,1.1,1.1,OK,
KTX,1,3,0.875,0.1,0.975,16.6,1.1,17.575,18.675,6,6,18.9,18.125,0.525,LEFT,1.1,1.1,OK,
KTX,1,3,0.875,0.15,1.025,16.6,1.1,17.625,18.725,5,5,17.5,18.175,0.7,RIGHT,1.1,1.1,OK,
KTX,1,3,0.875,0.15,1.025,16.6,1.1,17.625,18.725,6,6,18.9,18.175,0.525,LEFT,1.1,1.1,OK,
KTX,1,3,0.875,0.2,1.075,16.6,1.1,17.675,18.775,5,5,17.5,18.225,0.525,RIGHT,1.1,1.1,OK,
KTX,1,3,0.875,0.2,1.075,16.6,1.1,17.675,18.775,6,6,18.9,18.225,0.7,LEFT,1.1,1.1,OK,
KTX,1,3,0.875,0.25,1.125,16.6,1.1,17.725,18.825,5,5,17.5,18.275,0.525,RIGHT,1.1,1.1,OK,
KTX,1,3,0.875,0.25,1.125,16.6,1.1,17.725,18.825,6,6,18.9,18.275,0.7,LEFT,1.1,1.1,OK,
KTX,1,3,0.875,0.3,1.175,16.6,1.1,17.775,18.875,5,5,17.5,18.325,0.525,RIGHT,1.1,1.1,OK,
KTX,1,3,0.875,0.3,1.175,16.6,1.1,17.775,18.875,6,6,18.9,18.325,0.7,LEFT,1.1,1.1,OK,
KTX,1,3,0.875,0.35,1.225,16.6,1.1,17.825,18.925,5,5,17.5,18.375,0.525,RIGHT,1.1,1.1,OK,
KTX,1,3,0.875,0.35,1.225,16.6,1.1,17.825,18.925,6,6,18.9,18.375,0.875,LEFT,1.1,1.1,OK,
KTX,1,2,1.05,-0.35,0.7,16.6,1.1,17.3,18.4,5,5,17.5,17.85,1.05,RIGHT,1.1,1.1,OK,
KTX,1,2,1.05,-0.35,0.7,16.6,1.1,17.3,18.4,6,6,18.9,17.85,0.35,LEFT,1.1,1.1,OK,
KTX,1,2,1.05,-0.3,0.75,16.6,1.1,17.35,18.45,5,5,17.5,17.9,0.875,RIGHT,1.1,1.1,OK,
KTX,1,2,1.05,-0.3,0.75,16.6,1.1,17.35,18.45,6,6,18.9,17.9,0.35,LEFT,1.1,1.1,OK,
KTX,1,2,1.05,-0.25,0.8,16.6,1.1,17.4,18.5,5,5,17.5,17.95,0.875,RIGHT,1.1,1.1,OK,
KTX,1,2,1.05,-0.25,0.8,16.6,1.1,17.4,18.5,6,6,18.9,17.95,0.35,LEFT,1.1,1.1,OK,
KTX,1,2,1.05,-0.2,0.85,16.6,1.1,17.45,18.55,5,5,17.5,18,0.875,RIGHT,1.1,1.1,OK,
KTX,1,2,1.05,-0.2,0.85,16.6,1.1,17.45,18.55,6,6,18.9,18,0.35,LEFT,1.1,1.1,OK,
KTX,1,2,1.05,-0.15,0.9,16.6,1.1,17.5,18.6,5,5,17.5,18.05,0.7,RIGHT,1.1,1.1,OK,
KTX,1,2,1.05,-0.15,0.9,16.6,1.1,17.5,18.6,6,6,18.9,18.05,0.525,LEFT,1.1,1.1,OK,
KTX,1,2,1.05,-0.1,0.95,16.6,1.1,17.55,18.65,5,5,17.5,18.1,0.7,RIGHT,1.1,1.1,OK,
KTX,1,2,1.05,-0.1,0.95,16.6,1.1,17.55,18.65,6,6,18.9,18.1,0.525,LEFT,1.1,1.1,OK,
KTX,1,2,1.05,-0.05,1,16.6,1.1,17.6,18.7,5,5,17.5,18.15,0.7,RIGHT,1.1,1.1,OK,
KTX,1,2,1.05,-0.05,1,16.6,1.1,17.6,18.7,6,6,18.9,18.15,0.525,LEFT,1.1,1.1,OK,
KTX,1,2,1.05,0,1.05,16.6,1.1,17.65,18.75,5,5,17.5,18.2,0.7,RIGHT,1.1,1.1,OK,
KTX,1,2,1.05,0,1.05,16.6,1.1,17.65,18.75,6,6,18.9,18.2,0.7,LEFT,1.1,1.1,OK,
KTX,1,2,1.05,0.05,1.1,16.6,1.1,17.7,18.8,5,5,17.5,18.25,0.525,RIGHT,1.1,1.1,OK,
KTX,1,2,1.05,0.05,1.1,16.6,1.1,17.7,18.8,6,6,18.9,18.25,0.7,LEFT,1.1,1.1,OK,
KTX,1,2,1.05,0.1,1.15,16.6,1.1,17.75,18.85,5,5,17.5,18.3,0.525,RIGHT,1.1,1.1,OK,
KTX,1,2,1.05,0.1,1.15,16.6,1.1,17.75,18.85,6,6,18.9,18.3,0.7,LEFT,1.1,1.1,OK,
KTX,1,2,1.05,0.15,1.2,16.6,1.1,17.8,18.9,5,5,17.5,18.35,0.525,RIGHT,1.1,1.1,OK,
KTX,1,2,1.05,0.15,1.2,16.6,1.1,17.8,18.9,6,6,18.9,18.35,0.7,LEFT,1.1,1.1,OK,
KTX,1,2,1.05,0.2,1.25,16.6,1.1,17.85,18.95,5,5,17.5,18.4,0.35,RIGHT,1.1,1.1,OK,
KTX,1,2,1.05,0.2,1.25,16.6,1.1,17.85,18.95,6,6,18.9,18.4,0.875,LEFT,1.1,1.1,OK,
KTX,1,2,1.05,0.25,1.3,16.6,1.1,17.9,19,5,5,17.5,18.45,0.35,RIGHT,1.1,1.1,OK,
KTX,1,2,1.05,0.25,1.3,16.6,1.1,17.9,19,6,6,18.9,18.45,0.875,LEFT,1.1,1.1,OK,
KTX,1,2,1.05,0.3,1.35,16.6,1.1,17.95,19.05,5,5,17.5,18.5,0.35,RIGHT,1.1,1.1,OK,
KTX,1,2,1.05,0.3,1.35,16.6,1.1,17.95,19.05,6,6,18.9,18.5,0.875,LEFT,1.1,1.1,OK,
KTX,1,2,1.05,0.35,1.4,16.6,1.1,18,19.1,5,5,17.5,18.55,0.35,RIGHT,1.1,1.1,OK,
KTX,1,2,1.05,0.35,1.4,16.6,1.1,18,19.1,6,6,18.9,18.55,1.05,LEFT,1.1,1.1,OK,
KTX,1,1,1.225,-0.35,0.875,16.6,1.1,17.475,18.575,5,5,17.5,18.025,0.875,RIGHT,1.1,1.1,OK,
KTX,1,1,1.225,-0.35,0.875,16.6,1.1,17.475,18.575,6,6,18.9,18.025,0.525,LEFT,1.1,1.1,OK,
KTX,1,1,1.225,-0.3,0.925,16.6,1.1,17.525,18.625,5,5,17.5,18.075,0.7,RIGHT,1.1,1.1,OK,
KTX,1,1,1.225,-0.3,0.925,16.6,1.1,17.525,18.625,6,6,18.9,18.075,0.525,LEFT,1.1,1.1,OK,
KTX,1,1,1.225,-0.25,0.975,16.6,1.1,17.575,18.675,5,5,17.5,18.125,0.7,RIGHT,1.1,1.1,OK,
KTX,1,1,1.225,-0.25,0.975,16.6,1.1,17.575,18.675,6,6,18.9,18.125,0.525,LEFT,1.1,1.1,OK,
KTX,1,1,1.225,-0.2,1.025,16.6,1.1,17.625,18.725,5,5,17.5,18.175,0.7,RIGHT,1.1,1.1,OK,
KTX,1,1,1.225,-0.2,1.025,16.6,1.1,17.625,18.725,6,6,18.9,18.175,0.525,LEFT,1.1,1.1,OK,
KTX,1,1,1.225,-0.15,1.075,16.6,1.1,17.675,18.775,5,5,17.5,18.225,0.525,RIGHT,1.1,1.1,OK,
KTX,1,1,1.225,-0.15,1.075,16.6,1.1,17.675,18.775,6,6,18.9,18.225,0.7,LEFT,1.1,1.1,OK,
KTX,1,1,1.225,-0.1,1.125,16.6,1.1,17.725,18.825,5,5,17.5,18.275,0.525,RIGHT,1.1,1.1,OK,
KTX,1,1,1.225,-0.1,1.125,16.6,1.1,17.725,18.825,6,6,18.9,18.275,0.7,LEFT,1.1,1.1,OK,
KTX,1,1,1.225,-0.05,1.175,16.6,1.1,17.775,18.875,5,5,17.5,18.325,0.525,RIGHT,1.1,1.1,OK,
KTX,1,1,1.225,-0.05,1.175,16.6,1.1,17.775,18.875,6,6,18.9,18.325,0.7,LEFT,1.1,1.1,OK,
KTX,1,1,1.225,0,1.225,16.6,1.1,17.825,18.925,5,5,17.5,18.375,0.525,RIGHT,1.1,1.1,OK,
KTX,1,1,1.225,0,1.225,16.6,1.1,17.825,18.925,6,6,18.9,18.375,0.875,LEFT,1.1,1.1,OK,
KTX,1,1,1.225,0.05,1.275,16.6,1.1,17.875,18.975,5,5,17.5,18.425,0.35,RIGHT,1.1,1.1,OK,
KTX,1,1,1.225,0.05,1.275,16.6,1.1,17.875,18.975,6,6,18.9,18.425,0.875,LEFT,1.1,1.1,OK,
KTX,1,1,1.225,0.1,1.325,16.6,1.1,17.925,19.025,5,5,17.5,18.475,0.35,RIGHT,1.1,1.1,OK,
KTX,1,1,1.225,0.1,1.325,16.6,1.1,17.925,19.025,6,6,18.9,18.475,0.875,LEFT,1.1,1.1,OK,
KTX,1,1,1.225,0.15,1.375,16.6,1.1,17.975,19.075,5,5,17.5,18.525,0.35,RIGHT,1.1,1.1,OK,
KTX,1,1,1.225,0.15,1.375,16.6,1.1,17.975,19.075,6,6,18.9,18.525,0.875,LEFT,1.1,1.1,OK,
KTX,1,1,1.225,0.2,1.425,16.6,1.1,18.025,19.125,5,5,17.5,18.575,0.175,RIGHT,1.1,1.1,OK,
KTX,1,1,1.225,0.2,1.425,16.6,1.1,18.025,19.125,6,6,18.9,18.575,1.05,LEFT,1.1,1.1,OK,
KTX,1,1,1.225,0.25,1.475,16.6,1.1,18.075,19.175,5,5,17.5,18.625,0.175,RIGHT,1.1,1.1,OK,
KTX,1,1,1.225,0.25,1.475,16.6,1.1,18.075,19.175,6,6,18.9,18.625,1.05,LEFT,1.1,1.1,OK,
KTX,1,1,1.225,0.3,1.525,16.6,1.1,18.125,19.225,5,5,17.5,18.675,0.175,RIGHT,1.1,1.1,OK,
KTX,1,1,1.225,0.3,1.525,16.6,1.1,18.125,19.225,6,6,18.9,18.675,1.05,LEFT,1.1,1.1,OK,
KTX,1,1,1.225,0.35,1.575,16.6,1.1,18.175,19.275,5,5,17.5,18.725,0.175,RIGHT,1.1,1.1,OK,
KTX,1,1,1.225,0.35,1.575,16.6,1.1,18.175,19.275,6,6,18.9,18.725,1.225,LEFT,1.1,1.1,OK,
